USE `airplane_db`;

-- 初始化站点数据
INSERT INTO atbs_station (id, station_name, address, create_time, update_time, create_person_id, update_person_id, deleted) VALUES
(1, '北京首都国际机场', '北京市顺义区', '2025-01-01 00:00:00', '2025-01-01 00:00:00', 1, 1, 0),
(2, '上海浦东国际机场', '上海市浦东新区', '2025-01-01 00:00:00', '2025-01-01 00:00:00', 1, 1, 0),
(3, '广州白云国际机场', '广州市花都区', '2025-01-01 00:00:00', '2025-01-01 00:00:00', 1, 1, 0),
(4, '深圳宝安国际机场', '深圳市宝安区', '2025-01-01 00:00:00', '2025-01-01 00:00:00', 1, 1, 0),
(5, '成都双流国际机场', '成都市双流区', '2025-01-01 00:00:00', '2025-01-01 00:00:00', 1, 1, 0),
(6, '杭州萧山国际机场', '杭州市萧山区', '2025-01-01 00:00:00', '2025-01-01 00:00:00', 1, 1, 0),
(7, '西安咸阳国际机场', '西安市咸阳区', '2025-01-01 00:00:00', '2025-01-01 00:00:00', 1, 1, 0),
(8, '重庆江北国际机场', '重庆市渝北区', '2025-01-01 00:00:00', '2025-01-01 00:00:00', 1, 1, 0);

-- 初始化飞机数据
INSERT INTO atbs_airplane (id, airplane_name, airplane_model, seat_num, service_years, create_time, update_time, create_person_id, update_person_id, deleted) VALUES
(1, '京航001', 'Boeing 737-800', 180, 3, '2025-01-01 00:00:00', '2025-01-01 00:00:00', 1, 1, 0),
(2, '京航002', 'Airbus A320', 160, 2, '2025-01-01 00:00:00', '2025-01-01 00:00:00', 1, 1, 0),
(3, '沪航001', 'Boeing 787-9', 280, 1, '2025-01-01 00:00:00', '2025-01-01 00:00:00', 1, 1, 0),
(4, '沪航002', 'Airbus A350', 300, 2, '2025-01-01 00:00:00', '2025-01-01 00:00:00', 1, 1, 0),
(5, '粤航001', 'Boeing 777-300ER', 350, 4, '2025-01-01 00:00:00', '2025-01-01 00:00:00', 1, 1, 0),
(6, '粤航002', 'Airbus A330', 250, 3, '2025-01-01 00:00:00', '2025-01-01 00:00:00', 1, 1, 0);

-- 初始化航线数据
INSERT INTO atbs_route (id, route_name, start_station_id, end_station_id, station_count, create_time, update_time, create_person_id, update_person_id, deleted) VALUES
(1, '北京-上海航线', 1, 2, 2, '2025-01-01 00:00:00', '2025-01-01 00:00:00', 1, 1, 0),
(2, '北京-广州航线', 1, 3, 2, '2025-01-01 00:00:00', '2025-01-01 00:00:00', 1, 1, 0),
(3, '上海-深圳航线', 2, 4, 2, '2025-01-01 00:00:00', '2025-01-01 00:00:00', 1, 1, 0),
(4, '广州-成都航线', 3, 5, 2, '2025-01-01 00:00:00', '2025-01-01 00:00:00', 1, 1, 0),
(5, '北京-杭州航线', 1, 6, 2, '2025-01-01 00:00:00', '2025-01-01 00:00:00', 1, 1, 0),
(6, '上海-西安航线', 2, 7, 2, '2025-01-01 00:00:00', '2025-01-01 00:00:00', 1, 1, 0),
(7, '北京-重庆航线', 1, 8, 2, '2025-01-01 00:00:00', '2025-01-01 00:00:00', 1, 1, 0),
(8, '深圳-成都航线', 4, 5, 2, '2025-01-01 00:00:00', '2025-01-01 00:00:00', 1, 1, 0);

-- 初始化航线站点数据
INSERT INTO atbs_route_stations (id, route_id, station_id, station_sorting) VALUES
(1, 1, 1, 1),
(2, 1, 2, 2),
(3, 2, 1, 1),
(4, 2, 3, 2),
(5, 3, 2, 1),
(6, 3, 4, 2),
(7, 4, 3, 1),
(8, 4, 5, 2),
(9, 5, 1, 1),
(10, 5, 6, 2),
(11, 6, 2, 1),
(12, 6, 7, 2),
(13, 7, 1, 1),
(14, 7, 8, 2),
(15, 8, 4, 1),
(16, 8, 5, 2);

-- 初始化航班班次数据
INSERT INTO atbs_schedule (id, airplane_id, route_id, available_tickets, start_time, end_time, captain, create_time, update_time, create_person_id, update_person_id, deleted, version) VALUES
(1, 1, 1, 180, '2026-04-10 08:00:00', '2026-04-10 10:30:00', '张明', '2025-01-01 00:00:00', '2025-01-01 00:00:00', 1, 1, 0, 1),
(2, 2, 1, 160, '2026-04-10 14:00:00', '2026-04-10 16:30:00', '李华', '2025-01-01 00:00:00', '2025-01-01 00:00:00', 1, 1, 0, 1),
(3, 3, 2, 280, '2026-04-10 09:00:00', '2026-04-10 12:30:00', '王强', '2025-01-01 00:00:00', '2025-01-01 00:00:00', 1, 1, 0, 1),
(4, 4, 3, 300, '2026-04-10 10:00:00', '2026-04-10 12:30:00', '赵伟', '2025-01-01 00:00:00', '2025-01-01 00:00:00', 1, 1, 0, 1),
(5, 5, 4, 350, '2026-04-10 11:00:00', '2026-04-10 14:00:00', '刘洋', '2025-01-01 00:00:00', '2025-01-01 00:00:00', 1, 1, 0, 1),
(6, 6, 5, 250, '2026-04-10 07:30:00', '2026-04-10 09:30:00', '陈飞', '2025-01-01 00:00:00', '2025-01-01 00:00:00', 1, 1, 0, 1),
(7, 1, 6, 180, '2026-04-10 13:00:00', '2026-04-10 16:00:00', '张明', '2025-01-01 00:00:00', '2025-01-01 00:00:00', 1, 1, 0, 1),
(8, 2, 7, 160, '2026-04-10 15:00:00', '2026-04-10 18:00:00', '李华', '2025-01-01 00:00:00', '2025-01-01 00:00:00', 1, 1, 0, 1),
(9, 3, 8, 280, '2026-04-11 08:00:00', '2026-04-11 11:00:00', '王强', '2025-01-01 00:00:00', '2025-01-01 00:00:00', 1, 1, 0, 1),
(10, 4, 1, 300, '2026-04-11 09:00:00', '2026-04-11 11:30:00', '赵伟', '2025-01-01 00:00:00', '2025-01-01 00:00:00', 1, 1, 0, 1);

-- 初始化座位预订数据（为每个班次生成部分座位预订记录）
INSERT INTO atbs_seat_reservation (id, schedule_id, seat_number, booking_status, create_time, update_time, create_person_id, update_person_id, version, deleted, status) VALUES
(1, 1, 1, 0, '2025-01-01 00:00:00', '2025-01-01 00:00:00', 0, 0, 1, 0, 0),
(2, 1, 2, 0, '2025-01-01 00:00:00', '2025-01-01 00:00:00', 0, 0, 1, 0, 0),
(3, 1, 3, 1, '2025-01-01 00:00:00', '2025-01-01 00:00:00', 0, 0, 1, 0, 1),
(4, 2, 1, 0, '2025-01-01 00:00:00', '2025-01-01 00:00:00', 0, 0, 1, 0, 0),
(5, 2, 2, 1, '2025-01-01 00:00:00', '2025-01-01 00:00:00', 0, 0, 1, 0, 1),
(6, 3, 1, 0, '2025-01-01 00:00:00', '2025-01-01 00:00:00', 0, 0, 1, 0, 0),
(7, 3, 2, 0, '2025-01-01 00:00:00', '2025-01-01 00:00:00', 0, 0, 1, 0, 0),
(8, 3, 3, 0, '2025-01-01 00:00:00', '2025-01-01 00:00:00', 0, 0, 1, 0, 0),
(9, 4, 1, 1, '2025-01-01 00:00:00', '2025-01-01 00:00:00', 0, 0, 1, 0, 1),
(10, 5, 1, 0, '2025-01-01 00:00:00', '2025-01-01 00:00:00', 0, 0, 1, 0, 0);
