Date,Passengers
1949-01-01,4
1949-01-02,4
1949-01-03,4
1949-01-04,4
1949-01-05,3
1949-01-06,3
1949-01-07,4
1949-01-08,4
1949-01-09,4
1949-01-10,4
1949-01-11,3
1949-01-12,3
1949-01-13,3
1949-01-14,3
1949-01-15,3
1949-01-16,4
1949-01-17,3
1949-01-18,3
1949-01-19,3
1949-01-20,3
1949-01-21,4
1949-01-22,4
1949-01-23,4
1949-01-24,3
1949-01-25,3
1949-01-26,3
1949-01-27,4
1949-01-28,4
1949-01-29,4
1949-01-30,5
1949-01-31,5
1949-02-01,4
1949-02-02,4
1949-02-03,4
1949-02-04,5
1949-02-05,5
1949-02-06,4
1949-02-07,4
1949-02-08,4
1949-02-09,4
1949-02-10,4
1949-02-11,4
1949-02-12,4
1949-02-13,4
1949-02-14,4
1949-02-15,4
1949-02-16,4
1949-02-17,4
1949-02-18,4
1949-02-19,4
1949-02-20,5
1949-02-21,4
1949-02-22,4
1949-02-23,4
1949-02-24,5
1949-02-25,5
1949-02-26,5
1949-02-27,4
1949-02-28,4
1949-03-01,4
1949-03-02,4
1949-03-03,4
1949-03-04,5
1949-03-05,5
1949-03-06,4
1949-03-07,4
1949-03-08,4
1949-03-09,4
1949-03-10,5
1949-03-11,5
1949-03-12,4
1949-03-13,4
1949-03-14,4
1949-03-15,4
1949-03-16,4
1949-03-17,4
1949-03-18,5
1949-03-19,4
1949-03-20,5
1949-03-21,4
1949-03-22,4
1949-03-23,4
1949-03-24,4
1949-03-25,4
1949-03-26,4
1949-03-27,5
1949-03-28,5
1949-03-29,4
1949-03-30,4
1949-03-31,4
1949-04-01,6
1949-04-02,6
1949-04-03,5
1949-04-04,5
1949-04-05,4
1949-04-06,4
1949-04-07,4
1949-04-08,4
1949-04-09,4
1949-04-10,4
1949-04-11,4
1949-04-12,4
1949-04-13,4
1949-04-14,4
1949-04-15,4
1949-04-16,4
1949-04-17,4
1949-04-18,4
1949-04-19,4
1949-04-20,3
1949-04-21,4
1949-04-22,4
1949-04-23,4
1949-04-24,5
1949-04-25,4
1949-04-26,4
1949-04-27,4
1949-04-28,4
1949-04-29,5
1949-04-30,6
1949-05-01,4
1949-05-02,4
1949-05-03,4
1949-05-04,4
1949-05-05,4
1949-05-06,4
1949-05-07,4
1949-05-08,4
1949-05-09,4
1949-05-10,3
1949-05-11,3
1949-05-12,4
1949-05-13,4
1949-05-14,4
1949-05-15,4
1949-05-16,4
1949-05-17,4
1949-05-18,3
1949-05-19,4
1949-05-20,4
1949-05-21,4
1949-05-22,4
1949-05-23,4
1949-05-24,3
1949-05-25,3
1949-05-26,4
1949-05-27,5
1949-05-28,5
1949-05-29,5
1949-05-30,4
1949-05-31,3
1949-06-01,4
1949-06-02,4
1949-06-03,5
1949-06-04,5
1949-06-05,5
1949-06-06,4
1949-06-07,4
1949-06-08,4
1949-06-09,4
1949-06-10,5
1949-06-11,5
1949-06-12,5
1949-06-13,4
1949-06-14,4
1949-06-15,4
1949-06-16,4
1949-06-17,5
1949-06-18,5
1949-06-19,5
1949-06-20,5
1949-06-21,4
1949-06-22,4
1949-06-23,4
1949-06-24,4
1949-06-25,5
1949-06-26,6
1949-06-27,5
1949-06-28,5
1949-06-29,4
1949-06-30,4
1949-07-01,5
1949-07-02,6
1949-07-03,6
1949-07-04,5
1949-07-05,5
1949-07-06,4
1949-07-07,4
1949-07-08,4
1949-07-09,5
1949-07-10,5
1949-07-11,5
1949-07-12,4
1949-07-13,5
1949-07-14,4
1949-07-15,5
1949-07-16,4
1949-07-17,5
1949-07-18,4
1949-07-19,4
1949-07-20,4
1949-07-21,4
1949-07-22,5
1949-07-23,5
1949-07-24,5
1949-07-25,5
1949-07-26,4
1949-07-27,5
1949-07-28,5
1949-07-29,5
1949-07-30,6
1949-07-31,6
1949-08-01,5
1949-08-02,4
1949-08-03,5
1949-08-04,5
1949-08-05,6
1949-08-06,5
1949-08-07,5
1949-08-08,5
1949-08-09,4
1949-08-10,4
1949-08-11,5
1949-08-12,5
1949-08-13,5
1949-08-14,5
1949-08-15,5
1949-08-16,4
1949-08-17,4
1949-08-18,4
1949-08-19,5
1949-08-20,5
1949-08-21,5
1949-08-22,5
1949-08-23,4
1949-08-24,4
1949-08-25,4
1949-08-26,5
1949-08-27,6
1949-08-28,6
1949-08-29,5
1949-08-30,5
1949-08-31,4
1949-09-01,6
1949-09-02,5
1949-09-03,6
1949-09-04,6
1949-09-05,5
1949-09-06,4
1949-09-07,4
1949-09-08,4
1949-09-09,5
1949-09-10,5
1949-09-11,5
1949-09-12,4
1949-09-13,4
1949-09-14,4
1949-09-15,4
1949-09-16,5
1949-09-17,4
1949-09-18,5
1949-09-19,4
1949-09-20,4
1949-09-21,4
1949-09-22,4
1949-09-23,4
1949-09-24,4
1949-09-25,5
1949-09-26,5
1949-09-27,4
1949-09-28,4
1949-09-29,4
1949-09-30,5
1949-10-01,5
1949-10-02,5
1949-10-03,5
1949-10-04,4
1949-10-05,4
1949-10-06,4
1949-10-07,4
1949-10-08,4
1949-10-09,4
1949-10-10,4
1949-10-11,3
1949-10-12,3
1949-10-13,3
1949-10-14,4
1949-10-15,4
1949-10-16,4
1949-10-17,4
1949-10-18,3
1949-10-19,3
1949-10-20,3
1949-10-21,3
1949-10-22,4
1949-10-23,4
1949-10-24,4
1949-10-25,3
1949-10-26,3
1949-10-27,4
1949-10-28,4
1949-10-29,5
1949-10-30,4
1949-10-31,4
1949-11-01,3
1949-11-02,3
1949-11-03,3
1949-11-04,4
1949-11-05,4
1949-11-06,3
1949-11-07,4
1949-11-08,3
1949-11-09,3
1949-11-10,3
1949-11-11,3
1949-11-12,4
1949-11-13,4
1949-11-14,3
1949-11-15,3
1949-11-16,3
1949-11-17,3
1949-11-18,3
1949-11-19,4
1949-11-20,4
1949-11-21,3
1949-11-22,3
1949-11-23,3
1949-11-24,3
1949-11-25,4
1949-11-26,4
1949-11-27,4
1949-11-28,4
1949-11-29,4
1949-11-30,5
1949-12-01,3
1949-12-02,4
1949-12-03,5
1949-12-04,4
1949-12-05,4
1949-12-06,3
1949-12-07,4
1949-12-08,4
1949-12-09,4
1949-12-10,4
1949-12-11,4
1949-12-12,4
1949-12-13,3
1949-12-14,3
1949-12-15,3
1949-12-16,4
1949-12-17,4
1949-12-18,4
1949-12-19,4
1949-12-20,3
1949-12-21,3
1949-12-22,3
1949-12-23,4
1949-12-24,4
1949-12-25,4
1949-12-26,4
1949-12-27,4
1949-12-28,4
1949-12-29,4
1949-12-30,4
1949-12-31,5
1950-01-01,4
1950-01-02,4
1950-01-03,4
1950-01-04,3
1950-01-05,4
1950-01-06,4
1950-01-07,4
1950-01-08,4
1950-01-09,4
1950-01-10,3
1950-01-11,3
1950-01-12,3
1950-01-13,4
1950-01-14,4
1950-01-15,4
1950-01-16,3
1950-01-17,3
1950-01-18,3
1950-01-19,3
1950-01-20,4
1950-01-21,4
1950-01-22,4
1950-01-23,4
1950-01-24,3
1950-01-25,3
1950-01-26,4
1950-01-27,5
1950-01-28,5
1950-01-29,5
1950-01-30,3
1950-01-31,3
1950-02-01,4
1950-02-02,4
1950-02-03,5
1950-02-04,5
1950-02-05,5
1950-02-06,4
1950-02-07,4
1950-02-08,4
1950-02-09,4
1950-02-10,4
1950-02-11,4
1950-02-12,5
1950-02-13,4
1950-02-14,4
1950-02-15,4
1950-02-16,4
1950-02-17,5
1950-02-18,4
1950-02-19,5
1950-02-20,4
1950-02-21,4
1950-02-22,4
1950-02-23,4
1950-02-24,5
1950-02-25,6
1950-02-26,6
1950-02-27,5
1950-02-28,6
1950-03-01,4
1950-03-02,5
1950-03-03,5
1950-03-04,5
1950-03-05,5
1950-03-06,5
1950-03-07,4
1950-03-08,5
1950-03-09,4
1950-03-10,5
1950-03-11,5
1950-03-12,5
1950-03-13,4
1950-03-14,4
1950-03-15,4
1950-03-16,4
1950-03-17,4
1950-03-18,5
1950-03-19,5
1950-03-20,4
1950-03-21,4
1950-03-22,4
1950-03-23,4
1950-03-24,4
1950-03-25,5
1950-03-26,5
1950-03-27,5
1950-03-28,5
1950-03-29,4
1950-03-30,5
1950-03-31,5
1950-04-01,6
1950-04-02,6
1950-04-03,5
1950-04-04,5
1950-04-05,5
1950-04-06,4
1950-04-07,5
1950-04-08,5
1950-04-09,5
1950-04-10,4
1950-04-11,4
1950-04-12,4
1950-04-13,4
1950-04-14,4
1950-04-15,5
1950-04-16,4
1950-04-17,4
1950-04-18,4
1950-04-19,4
1950-04-20,4
1950-04-21,4
1950-04-22,5
1950-04-23,4
1950-04-24,4
1950-04-25,4
1950-04-26,4
1950-04-27,4
1950-04-28,5
1950-04-29,5
1950-04-30,5
1950-05-01,4
1950-05-02,4
1950-05-03,4
1950-05-04,4
1950-05-05,4
1950-05-06,4
1950-05-07,4
1950-05-08,3
1950-05-09,3
1950-05-10,3
1950-05-11,4
1950-05-12,4
1950-05-13,4
1950-05-14,4
1950-05-15,4
1950-05-16,3
1950-05-17,4
1950-05-18,4
1950-05-19,4
1950-05-20,4
1950-05-21,4
1950-05-22,4
1950-05-23,4
1950-05-24,4
1950-05-25,4
1950-05-26,4
1950-05-27,5
1950-05-28,6
1950-05-29,5
1950-05-30,5
1950-05-31,4
1950-06-01,5
1950-06-02,5
1950-06-03,5
1950-06-04,6
1950-06-05,5
1950-06-06,4
1950-06-07,4
1950-06-08,4
1950-06-09,5
1950-06-10,5
1950-06-11,5
1950-06-12,5
1950-06-13,4
1950-06-14,4
1950-06-15,4
1950-06-16,5
1950-06-17,6
1950-06-18,6
1950-06-19,5
1950-06-20,4
1950-06-21,4
1950-06-22,5
1950-06-23,5
1950-06-24,5
1950-06-25,6
1950-06-26,6
1950-06-27,5
1950-06-28,5
1950-06-29,6
1950-06-30,6
1950-07-01,6
1950-07-02,7
1950-07-03,6
1950-07-04,5
1950-07-05,5
1950-07-06,4
1950-07-07,6
1950-07-08,6
1950-07-09,6
1950-07-10,5
1950-07-11,5
1950-07-12,5
1950-07-13,5
1950-07-14,4
1950-07-15,5
1950-07-16,5
1950-07-17,5
1950-07-18,5
1950-07-19,5
1950-07-20,5
1950-07-21,6
1950-07-22,6
1950-07-23,6
1950-07-24,5
1950-07-25,5
1950-07-26,5
1950-07-27,6
1950-07-28,6
1950-07-29,7
1950-07-30,7
1950-07-31,6
1950-08-01,5
1950-08-02,5
1950-08-03,6
1950-08-04,7
1950-08-05,7
1950-08-06,6
1950-08-07,5
1950-08-08,5
1950-08-09,5
1950-08-10,5
1950-08-11,6
1950-08-12,6
1950-08-13,6
1950-08-14,5
1950-08-15,5
1950-08-16,5
1950-08-17,5
1950-08-18,6
1950-08-19,6
1950-08-20,6
1950-08-21,5
1950-08-22,5
1950-08-23,4
1950-08-24,5
1950-08-25,5
1950-08-26,5
1950-08-27,7
1950-08-28,6
1950-08-29,6
1950-08-30,5
1950-08-31,5
1950-09-01,5
1950-09-02,6
1950-09-03,6
1950-09-04,7
1950-09-05,5
1950-09-06,5
1950-09-07,5
1950-09-08,6
1950-09-09,6
1950-09-10,6
1950-09-11,5
1950-09-12,5
1950-09-13,5
1950-09-14,5
1950-09-15,5
1950-09-16,5
1950-09-17,6
1950-09-18,5
1950-09-19,4
1950-09-20,5
1950-09-21,5
1950-09-22,5
1950-09-23,5
1950-09-24,6
1950-09-25,5
1950-09-26,5
1950-09-27,5
1950-09-28,5
1950-09-29,5
1950-09-30,5
1950-10-01,5
1950-10-02,4
1950-10-03,5
1950-10-04,4
1950-10-05,5
1950-10-06,5
1950-10-07,5
1950-10-08,5
1950-10-09,4
1950-10-10,4
1950-10-11,4
1950-10-12,4
1950-10-13,4
1950-10-14,4
1950-10-15,5
1950-10-16,4
1950-10-17,4
1950-10-18,4
1950-10-19,4
1950-10-20,4
1950-10-21,4
1950-10-22,4
1950-10-23,4
1950-10-24,4
1950-10-25,3
1950-10-26,4
1950-10-27,5
1950-10-28,5
1950-10-29,5
1950-10-30,4
1950-10-31,4
1950-11-01,3
1950-11-02,4
1950-11-03,4
1950-11-04,4
1950-11-05,4
1950-11-06,4
1950-11-07,3
1950-11-08,3
1950-11-09,3
1950-11-10,4
1950-11-11,4
1950-11-12,4
1950-11-13,4
1950-11-14,3
1950-11-15,3
1950-11-16,3
1950-11-17,4
1950-11-18,4
1950-11-19,4
1950-11-20,4
1950-11-21,3
1950-11-22,3
1950-11-23,4
1950-11-24,4
1950-11-25,4
1950-11-26,5
1950-11-27,5
1950-11-28,4
1950-11-29,4
1950-11-30,5
1950-12-01,5
1950-12-02,5
1950-12-03,5
1950-12-04,5
1950-12-05,4
1950-12-06,4
1950-12-07,4
1950-12-08,4
1950-12-09,4
1950-12-10,5
1950-12-11,4
1950-12-12,4
1950-12-13,4
1950-12-14,4
1950-12-15,4
1950-12-16,5
1950-12-17,4
1950-12-18,4
1950-12-19,5
1950-12-20,5
1950-12-21,5
1950-12-22,5
1950-12-23,5
1950-12-24,5
1950-12-25,4
1950-12-26,4
1950-12-27,4
1950-12-28,4
1950-12-29,6
1950-12-30,5
1950-12-31,5
1951-01-01,5
1951-01-02,4
1951-01-03,5
1951-01-04,5
1951-01-05,5
1951-01-06,5
1951-01-07,5
1951-01-08,5
1951-01-09,4
1951-01-10,4
1951-01-11,4
1951-01-12,4
1951-01-13,5
1951-01-14,5
1951-01-15,4
1951-01-16,4
1951-01-17,4
1951-01-18,4
1951-01-19,5
1951-01-20,5
1951-01-21,5
1951-01-22,4
1951-01-23,4
1951-01-24,4
1951-01-25,4
1951-01-26,5
1951-01-27,5
1951-01-28,5
1951-01-29,6
1951-01-30,6
1951-01-31,6
1951-02-01,5
1951-02-02,5
1951-02-03,6
1951-02-04,6
1951-02-05,6
1951-02-06,5
1951-02-07,4
1951-02-08,4
1951-02-09,5
1951-02-10,5
1951-02-11,6
1951-02-12,5
1951-02-13,4
1951-02-14,4
1951-02-15,5
1951-02-16,5
1951-02-17,5
1951-02-18,5
1951-02-19,5
1951-02-20,5
1951-02-21,5
1951-02-22,5
1951-02-23,6
1951-02-24,7
1951-02-25,7
1951-02-26,7
1951-02-27,6
1951-02-28,7
1951-03-01,6
1951-03-02,6
1951-03-03,7
1951-03-04,7
1951-03-05,6
1951-03-06,5
1951-03-07,5
1951-03-08,5
1951-03-09,6
1951-03-10,6
1951-03-11,6
1951-03-12,6
1951-03-13,5
1951-03-14,5
1951-03-15,5
1951-03-16,6
1951-03-17,6
1951-03-18,6
1951-03-19,6
1951-03-20,5
1951-03-21,5
1951-03-22,5
1951-03-23,6
1951-03-24,6
1951-03-25,6
1951-03-26,5
1951-03-27,5
1951-03-28,5
1951-03-29,6
1951-03-30,7
1951-03-31,7
1951-04-01,6
1951-04-02,6
1951-04-03,5
1951-04-04,5
1951-04-05,5
1951-04-06,5
1951-04-07,5
1951-04-08,6
1951-04-09,5
1951-04-10,5
1951-04-11,5
1951-04-12,5
1951-04-13,5
1951-04-14,5
1951-04-15,6
1951-04-16,5
1951-04-17,5
1951-04-18,5
1951-04-19,5
1951-04-20,6
1951-04-21,6
1951-04-22,6
1951-04-23,5
1951-04-24,5
1951-04-25,5
1951-04-26,6
1951-04-27,6
1951-04-28,6
1951-04-29,7
1951-04-30,6
1951-05-01,5
1951-05-02,5
1951-05-03,6
1951-05-04,6
1951-05-05,6
1951-05-06,6
1951-05-07,5
1951-05-08,5
1951-05-09,5
1951-05-10,5
1951-05-11,6
1951-05-12,6
1951-05-13,6
1951-05-14,5
1951-05-15,5
1951-05-16,5
1951-05-17,5
1951-05-18,6
1951-05-19,6
1951-05-20,6
1951-05-21,6
1951-05-22,5
1951-05-23,5
1951-05-24,5
1951-05-25,5
1951-05-26,6
1951-05-27,7
1951-05-28,6
1951-05-29,6
1951-05-30,6
1951-05-31,5
1951-06-01,6
1951-06-02,6
1951-06-03,7
1951-06-04,6
1951-06-05,6
1951-06-06,5
1951-06-07,5
1951-06-08,6
1951-06-09,6
1951-06-10,6
1951-06-11,6
1951-06-12,5
1951-06-13,5
1951-06-14,5
1951-06-15,6
1951-06-16,6
1951-06-17,6
1951-06-18,6
1951-06-19,5
1951-06-20,5
1951-06-21,5
1951-06-22,6
1951-06-23,6
1951-06-24,6
1951-06-25,6
1951-06-26,6
1951-06-27,6
1951-06-28,7
1951-06-29,7
1951-06-30,9
1951-07-01,8
1951-07-02,7
1951-07-03,6
1951-07-04,6
1951-07-05,6
1951-07-06,7
1951-07-07,7
1951-07-08,7
1951-07-09,7
1951-07-10,6
1951-07-11,6
1951-07-12,6
1951-07-13,6
1951-07-14,6
1951-07-15,6
1951-07-16,5
1951-07-17,6
1951-07-18,5
1951-07-19,6
1951-07-20,6
1951-07-21,7
1951-07-22,7
1951-07-23,6
1951-07-24,5
1951-07-25,6
1951-07-26,5
1951-07-27,8
1951-07-28,8
1951-07-29,8
1951-07-30,8
1951-07-31,6
1951-08-01,5
1951-08-02,6
1951-08-03,6
1951-08-04,7
1951-08-05,8
1951-08-06,6
1951-08-07,6
1951-08-08,6
1951-08-09,6
1951-08-10,7
1951-08-11,7
1951-08-12,7
1951-08-13,6
1951-08-14,6
1951-08-15,6
1951-08-16,6
1951-08-17,7
1951-08-18,7
1951-08-19,7
1951-08-20,6
1951-08-21,6
1951-08-22,6
1951-08-23,6
1951-08-24,6
1951-08-25,6
1951-08-26,7
1951-08-27,7
1951-08-28,7
1951-08-29,6
1951-08-30,7
1951-08-31,7
1951-09-01,8
1951-09-02,8
1951-09-03,7
1951-09-04,6
1951-09-05,6
1951-09-06,6
1951-09-07,6
1951-09-08,6
1951-09-09,7
1951-09-10,6
1951-09-11,5
1951-09-12,6
1951-09-13,6
1951-09-14,6
1951-09-15,6
1951-09-16,7
1951-09-17,6
1951-09-18,5
1951-09-19,5
1951-09-20,5
1951-09-21,6
1951-09-22,6
1951-09-23,6
1951-09-24,6
1951-09-25,5
1951-09-26,5
1951-09-27,6
1951-09-28,7
1951-09-29,7
1951-09-30,7
1951-10-01,6
1951-10-02,5
1951-10-03,5
1951-10-04,6
1951-10-05,6
1951-10-06,5
1951-10-07,6
1951-10-08,5
1951-10-09,5
1951-10-10,5
1951-10-11,5
1951-10-12,5
1951-10-13,6
1951-10-14,5
1951-10-15,5
1951-10-16,5
1951-10-17,5
1951-10-18,4
1951-10-19,4
1951-10-20,5
1951-10-21,6
1951-10-22,5
1951-10-23,5
1951-10-24,4
1951-10-25,5
1951-10-26,5
1951-10-27,6
1951-10-28,6
1951-10-29,6
1951-10-30,6
1951-10-31,5
1951-11-01,5
1951-11-02,5
1951-11-03,6
1951-11-04,6
1951-11-05,5
1951-11-06,4
1951-11-07,4
1951-11-08,4
1951-11-09,5
1951-11-10,5
1951-11-11,5
1951-11-12,5
1951-11-13,4
1951-11-14,4
1951-11-15,4
1951-11-16,4
1951-11-17,5
1951-11-18,5
1951-11-19,5
1951-11-20,4
1951-11-21,4
1951-11-22,5
1951-11-23,5
1951-11-24,5
1951-11-25,5
1951-11-26,5
1951-11-27,5
1951-11-28,5
1951-11-29,6
1951-11-30,7
1951-12-01,6
1951-12-02,6
1951-12-03,6
1951-12-04,5
1951-12-05,5
1951-12-06,5
1951-12-07,5
1951-12-08,5
1951-12-09,6
1951-12-10,5
1951-12-11,4
1951-12-12,4
1951-12-13,5
1951-12-14,5
1951-12-15,6
1951-12-16,6
1951-12-17,5
1951-12-18,5
1951-12-19,4
1951-12-20,5
1951-12-21,5
1951-12-22,5
1951-12-23,6
1951-12-24,6
1951-12-25,5
1951-12-26,4
1951-12-27,5
1951-12-28,6
1951-12-29,6
1951-12-30,7
1951-12-31,8
1952-01-01,5
1952-01-02,5
1952-01-03,6
1952-01-04,6
1952-01-05,7
1952-01-06,6
1952-01-07,5
1952-01-08,5
1952-01-09,5
1952-01-10,5
1952-01-11,6
1952-01-12,6
1952-01-13,6
1952-01-14,5
1952-01-15,5
1952-01-16,5
1952-01-17,5
1952-01-18,6
1952-01-19,6
1952-01-20,6
1952-01-21,5
1952-01-22,5
1952-01-23,5
1952-01-24,5
1952-01-25,6
1952-01-26,6
1952-01-27,7
1952-01-28,6
1952-01-29,5
1952-01-30,5
1952-01-31,5
1952-02-01,6
1952-02-02,7
1952-02-03,7
1952-02-04,7
1952-02-05,6
1952-02-06,5
1952-02-07,5
1952-02-08,6
1952-02-09,6
1952-02-10,7
1952-02-11,6
1952-02-12,5
1952-02-13,5
1952-02-14,6
1952-02-15,6
1952-02-16,7
1952-02-17,7
1952-02-18,6
1952-02-19,5
1952-02-20,5
1952-02-21,6
1952-02-22,6
1952-02-23,6
1952-02-24,7
1952-02-25,7
1952-02-26,6
1952-02-27,6
1952-02-28,8
1952-02-29,8
1952-03-01,7
1952-03-02,9
1952-03-03,7
1952-03-04,6
1952-03-05,6
1952-03-06,6
1952-03-07,6
1952-03-08,6
1952-03-09,6
1952-03-10,6
1952-03-11,6
1952-03-12,6
1952-03-13,6
1952-03-14,7
1952-03-15,6
1952-03-16,7
1952-03-17,6
1952-03-18,5
1952-03-19,5
1952-03-20,6
1952-03-21,6
1952-03-22,6
1952-03-23,6
1952-03-24,6
1952-03-25,5
1952-03-26,5
1952-03-27,6
1952-03-28,7
1952-03-29,7
1952-03-30,7
1952-03-31,7
1952-04-01,6
1952-04-02,6
1952-04-03,7
1952-04-04,8
1952-04-05,7
1952-04-06,6
1952-04-07,6
1952-04-08,5
1952-04-09,5
1952-04-10,5
1952-04-11,6
1952-04-12,6
1952-04-13,7
1952-04-14,6
1952-04-15,5
1952-04-16,5
1952-04-17,6
1952-04-18,6
1952-04-19,6
1952-04-20,6
1952-04-21,5
1952-04-22,5
1952-04-23,5
1952-04-24,5
1952-04-25,6
1952-04-26,7
1952-04-27,8
1952-04-28,7
1952-04-29,6
1952-04-30,7
1952-05-01,5
1952-05-02,6
1952-05-03,6
1952-05-04,6
1952-05-05,6
1952-05-06,5
1952-05-07,5
1952-05-08,5
1952-05-09,6
1952-05-10,6
1952-05-11,6
1952-05-12,6
1952-05-13,5
1952-05-14,5
1952-05-15,5
1952-05-16,6
1952-05-17,6
1952-05-18,6
1952-05-19,6
1952-05-20,5
1952-05-21,5
1952-05-22,5
1952-05-23,6
1952-05-24,7
1952-05-25,6
1952-05-26,6
1952-05-27,6
1952-05-28,6
1952-05-29,7
1952-05-30,8
1952-05-31,9
1952-06-01,8
1952-06-02,8
1952-06-03,7
1952-06-04,7
1952-06-05,8
1952-06-06,7
1952-06-07,8
1952-06-08,8
1952-06-09,7
1952-06-10,6
1952-06-11,6
1952-06-12,6
1952-06-13,8
1952-06-14,8
1952-06-15,7
1952-06-16,7
1952-06-17,6
1952-06-18,6
1952-06-19,7
1952-06-20,7
1952-06-21,8
1952-06-22,8
1952-06-23,7
1952-06-24,6
1952-06-25,6
1952-06-26,7
1952-06-27,8
1952-06-28,10
1952-06-29,9
1952-06-30,7
1952-07-01,7
1952-07-02,7
1952-07-03,7
1952-07-04,8
1952-07-05,9
1952-07-06,8
1952-07-07,7
1952-07-08,6
1952-07-09,6
1952-07-10,7
1952-07-11,7
1952-07-12,8
1952-07-13,8
1952-07-14,7
1952-07-15,7
1952-07-16,6
1952-07-17,7
1952-07-18,7
1952-07-19,8
1952-07-20,8
1952-07-21,8
1952-07-22,6
1952-07-23,7
1952-07-24,7
1952-07-25,8
1952-07-26,8
1952-07-27,8
1952-07-28,9
1952-07-29,8
1952-07-30,8
1952-07-31,8
1952-08-01,10
1952-08-02,11
1952-08-03,10
1952-08-04,9
1952-08-05,8
1952-08-06,7
1952-08-07,7
1952-08-08,8
1952-08-09,8
1952-08-10,8
1952-08-11,8
1952-08-12,7
1952-08-13,7
1952-08-14,7
1952-08-15,8
1952-08-16,8
1952-08-17,8
1952-08-18,7
1952-08-19,7
1952-08-20,7
1952-08-21,7
1952-08-22,8
1952-08-23,7
1952-08-24,8
1952-08-25,8
1952-08-26,6
1952-08-27,7
1952-08-28,7
1952-08-29,8
1952-08-30,8
1952-08-31,8
1952-09-01,9
1952-09-02,7
1952-09-03,7
1952-09-04,7
1952-09-05,8
1952-09-06,7
1952-09-07,8
1952-09-08,7
1952-09-09,6
1952-09-10,6
1952-09-11,6
1952-09-12,7
1952-09-13,7
1952-09-14,7
1952-09-15,7
1952-09-16,6
1952-09-17,6
1952-09-18,6
1952-09-19,7
1952-09-20,7
1952-09-21,7
1952-09-22,7
1952-09-23,6
1952-09-24,6
1952-09-25,7
1952-09-26,8
1952-09-27,8
1952-09-28,8
1952-09-29,7
1952-09-30,7
1952-10-01,8
1952-10-02,7
1952-10-03,7
1952-10-04,8
1952-10-05,8
1952-10-06,6
1952-10-07,5
1952-10-08,5
1952-10-09,6
1952-10-10,6
1952-10-11,7
1952-10-12,7
1952-10-13,6
1952-10-14,6
1952-10-15,5
1952-10-16,5
1952-10-17,6
1952-10-18,6
1952-10-19,6
1952-10-20,6
1952-10-21,5
1952-10-22,5
1952-10-23,5
1952-10-24,6
1952-10-25,6
1952-10-26,6
1952-10-27,7
1952-10-28,6
1952-10-29,6
1952-10-30,6
1952-10-31,7
1952-11-01,6
1952-11-02,7
1952-11-03,6
1952-11-04,5
1952-11-05,5
1952-11-06,4
1952-11-07,6
1952-11-08,6
1952-11-09,6
1952-11-10,5
1952-11-11,5
1952-11-12,5
1952-11-13,5
1952-11-14,5
1952-11-15,6
1952-11-16,6
1952-11-17,6
1952-11-18,5
1952-11-19,5
1952-11-20,5
1952-11-21,6
1952-11-22,6
1952-11-23,6
1952-11-24,5
1952-11-25,5
1952-11-26,6
1952-11-27,6
1952-11-28,7
1952-11-29,8
1952-11-30,8
1952-12-01,7
1952-12-02,6
1952-12-03,6
1952-12-04,7
1952-12-05,7
1952-12-06,6
1952-12-07,7
1952-12-08,6
1952-12-09,6
1952-12-10,6
1952-12-11,6
1952-12-12,6
1952-12-13,6
1952-12-14,7
1952-12-15,6
1952-12-16,5
1952-12-17,4
1952-12-18,6
1952-12-19,7
1952-12-20,7
1952-12-21,6
1952-12-22,6
1952-12-23,6
1952-12-24,6
1952-12-25,5
1952-12-26,6
1952-12-27,8
1952-12-28,8
1952-12-29,7
1952-12-30,6
1952-12-31,6
1953-01-01,7
1953-01-02,7
1953-01-03,8
1953-01-04,8
1953-01-05,7
1953-01-06,6
1953-01-07,6
1953-01-08,6
1953-01-09,6
1953-01-10,6
1953-01-11,6
1953-01-12,6
1953-01-13,6
1953-01-14,6
1953-01-15,5
1953-01-16,6
1953-01-17,6
1953-01-18,6
1953-01-19,6
1953-01-20,5
1953-01-21,6
1953-01-22,6
1953-01-23,6
1953-01-24,6
1953-01-25,7
1953-01-26,5
1953-01-27,6
1953-01-28,6
1953-01-29,7
1953-01-30,8
1953-01-31,8
1953-02-01,7
1953-02-02,7
1953-02-03,6
1953-02-04,6
1953-02-05,6
1953-02-06,7
1953-02-07,7
1953-02-08,7
1953-02-09,7
1953-02-10,6
1953-02-11,6
1953-02-12,6
1953-02-13,7
1953-02-14,7
1953-02-15,8
1953-02-16,7
1953-02-17,6
1953-02-18,6
1953-02-19,6
1953-02-20,8
1953-02-21,8
1953-02-22,7
1953-02-23,7
1953-02-24,7
1953-02-25,8
1953-02-26,8
1953-02-27,9
1953-02-28,9
1953-03-01,9
1953-03-02,8
1953-03-03,8
1953-03-04,7
1953-03-05,8
1953-03-06,7
1953-03-07,8
1953-03-08,8
1953-03-09,7
1953-03-10,7
1953-03-11,6
1953-03-12,8
1953-03-13,8
1953-03-14,9
1953-03-15,9
1953-03-16,7
1953-03-17,7
1953-03-18,6
1953-03-19,7
1953-03-20,7
1953-03-21,8
1953-03-22,8
1953-03-23,7
1953-03-24,6
1953-03-25,6
1953-03-26,7
1953-03-27,9
1953-03-28,9
1953-03-29,9
1953-03-30,9
1953-03-31,7
1953-04-01,7
1953-04-02,8
1953-04-03,9
1953-04-04,10
1953-04-05,9
1953-04-06,8
1953-04-07,7
1953-04-08,6
1953-04-09,7
1953-04-10,8
1953-04-11,8
1953-04-12,8
1953-04-13,8
1953-04-14,7
1953-04-15,7
1953-04-16,7
1953-04-17,8
1953-04-18,9
1953-04-19,8
1953-04-20,7
1953-04-21,7
1953-04-22,7
1953-04-23,7
1953-04-24,8
1953-04-25,7
1953-04-26,10
1953-04-27,9
1953-04-28,8
1953-04-29,8
1953-04-30,8
1953-05-01,8
1953-05-02,8
1953-05-03,8
1953-05-04,7
1953-05-05,7
1953-05-06,6
1953-05-07,6
1953-05-08,7
1953-05-09,7
1953-05-10,8
1953-05-11,7
1953-05-12,7
1953-05-13,6
1953-05-14,6
1953-05-15,7
1953-05-16,8
1953-05-17,8
1953-05-18,7
1953-05-19,7
1953-05-20,7
1953-05-21,7
1953-05-22,7
1953-05-23,8
1953-05-24,8
1953-05-25,7
1953-05-26,7
1953-05-27,8
1953-05-28,8
1953-05-29,9
1953-05-30,9
1953-05-31,9
1953-06-01,9
1953-06-02,8
1953-06-03,7
1953-06-04,8
1953-06-05,9
1953-06-06,8
1953-06-07,8
1953-06-08,7
1953-06-09,7
1953-06-10,7
1953-06-11,7
1953-06-12,8
1953-06-13,8
1953-06-14,8
1953-06-15,8
1953-06-16,7
1953-06-17,7
1953-06-18,8
1953-06-19,8
1953-06-20,9
1953-06-21,9
1953-06-22,8
1953-06-23,7
1953-06-24,7
1953-06-25,7
1953-06-26,9
1953-06-27,10
1953-06-28,10
1953-06-29,10
1953-06-30,10
1953-07-01,8
1953-07-02,9
1953-07-03,9
1953-07-04,10
1953-07-05,10
1953-07-06,8
1953-07-07,8
1953-07-08,7
1953-07-09,8
1953-07-10,9
1953-07-11,9
1953-07-12,9
1953-07-13,9
1953-07-14,7
1953-07-15,7
1953-07-16,8
1953-07-17,9
1953-07-18,9
1953-07-19,9
1953-07-20,8
1953-07-21,8
1953-07-22,7
1953-07-23,7
1953-07-24,8
1953-07-25,9
1953-07-26,9
1953-07-27,9
1953-07-28,9
1953-07-29,9
1953-07-30,9
1953-07-31,10
1953-08-01,12
1953-08-02,12
1953-08-03,10
1953-08-04,9
1953-08-05,9
1953-08-06,8
1953-08-07,9
1953-08-08,10
1953-08-09,9
1953-08-10,9
1953-08-11,8
1953-08-12,7
1953-08-13,8
1953-08-14,8
1953-08-15,9
1953-08-16,9
1953-08-17,8
1953-08-18,7
1953-08-19,7
1953-08-20,8
1953-08-21,9
1953-08-22,9
1953-08-23,9
1953-08-24,8
1953-08-25,7
1953-08-26,7
1953-08-27,9
1953-08-28,10
1953-08-29,9
1953-08-30,10
1953-08-31,9
1953-09-01,7
1953-09-02,8
1953-09-03,8
1953-09-04,9
1953-09-05,10
1953-09-06,9
1953-09-07,8
1953-09-08,7
1953-09-09,7
1953-09-10,7
1953-09-11,8
1953-09-12,8
1953-09-13,8
1953-09-14,8
1953-09-15,7
1953-09-16,7
1953-09-17,6
1953-09-18,8
1953-09-19,8
1953-09-20,9
1953-09-21,8
1953-09-22,7
1953-09-23,7
1953-09-24,7
1953-09-25,8
1953-09-26,9
1953-09-27,10
1953-09-28,9
1953-09-29,8
1953-09-30,7
1953-10-01,6
1953-10-02,8
1953-10-03,9
1953-10-04,9
1953-10-05,8
1953-10-06,6
1953-10-07,6
1953-10-08,6
1953-10-09,7
1953-10-10,7
1953-10-11,8
1953-10-12,7
1953-10-13,6
1953-10-14,6
1953-10-15,6
1953-10-16,7
1953-10-17,7
1953-10-18,7
1953-10-19,7
1953-10-20,6
1953-10-21,5
1953-10-22,6
1953-10-23,6
1953-10-24,7
1953-10-25,7
1953-10-26,6
1953-10-27,7
1953-10-28,7
1953-10-29,7
1953-10-30,7
1953-10-31,7
1953-11-01,7
1953-11-02,7
1953-11-03,5
1953-11-04,5
1953-11-05,6
1953-11-06,6
1953-11-07,6
1953-11-08,6
1953-11-09,6
1953-11-10,5
1953-11-11,5
1953-11-12,6
1953-11-13,6
1953-11-14,6
1953-11-15,6
1953-11-16,6
1953-11-17,5
1953-11-18,5
1953-11-19,5
1953-11-20,6
1953-11-21,6
1953-11-22,6
1953-11-23,6
1953-11-24,6
1953-11-25,5
1953-11-26,6
1953-11-27,7
1953-11-28,7
1953-11-29,8
1953-11-30,8
1953-12-01,7
1953-12-02,6
1953-12-03,7
1953-12-04,7
1953-12-05,8
1953-12-06,7
1953-12-07,6
1953-12-08,6
1953-12-09,6
1953-12-10,6
1953-12-11,6
1953-12-12,7
1953-12-13,7
1953-12-14,6
1953-12-15,6
1953-12-16,5
1953-12-17,6
1953-12-18,6
1953-12-19,6
1953-12-20,6
1953-12-21,6
1953-12-22,6
1953-12-23,6
1953-12-24,6
1953-12-25,7
1953-12-26,7
1953-12-27,8
1953-12-28,7
1953-12-29,7
1953-12-30,7
1953-12-31,7
1954-01-01,8
1954-01-02,8
1954-01-03,8
1954-01-04,8
1954-01-05,7
1954-01-06,5
1954-01-07,6
1954-01-08,7
1954-01-09,7
1954-01-10,7
1954-01-11,6
1954-01-12,6
1954-01-13,6
1954-01-14,6
1954-01-15,7
1954-01-16,7
1954-01-17,7
1954-01-18,6
1954-01-19,6
1954-01-20,6
1954-01-21,5
1954-01-22,6
1954-01-23,6
1954-01-24,7
1954-01-25,6
1954-01-26,5
1954-01-27,7
1954-01-28,6
1954-01-29,7
1954-01-30,7
1954-01-31,8
1954-02-01,7
1954-02-02,6
1954-02-03,7
1954-02-04,7
1954-02-05,7
1954-02-06,6
1954-02-07,7
1954-02-08,6
1954-02-09,5
1954-02-10,5
1954-02-11,6
1954-02-12,7
1954-02-13,7
1954-02-14,7
1954-02-15,6
1954-02-16,6
1954-02-17,6
1954-02-18,6
1954-02-19,7
1954-02-20,7
1954-02-21,8
1954-02-22,7
1954-02-23,6
1954-02-24,7
1954-02-25,7
1954-02-26,8
1954-02-27,9
1954-02-28,8
1954-03-01,9
1954-03-02,8
1954-03-03,7
1954-03-04,8
1954-03-05,8
1954-03-06,8
1954-03-07,8
1954-03-08,7
1954-03-09,7
1954-03-10,7
1954-03-11,7
1954-03-12,8
1954-03-13,8
1954-03-14,8
1954-03-15,8
1954-03-16,7
1954-03-17,7
1954-03-18,7
1954-03-19,8
1954-03-20,8
1954-03-21,8
1954-03-22,7
1954-03-23,7
1954-03-24,6
1954-03-25,7
1954-03-26,7
1954-03-27,9
1954-03-28,9
1954-03-29,8
1954-03-30,7
1954-03-31,7
1954-04-01,8
1954-04-02,8
1954-04-03,8
1954-04-04,9
1954-04-05,9
1954-04-06,7
1954-04-07,6
1954-04-08,7
1954-04-09,7
1954-04-10,7
1954-04-11,8
1954-04-12,7
1954-04-13,7
1954-04-14,7
1954-04-15,7
1954-04-16,7
1954-04-17,8
1954-04-18,8
1954-04-19,7
1954-04-20,7
1954-04-21,7
1954-04-22,6
1954-04-23,8
1954-04-24,8
1954-04-25,8
1954-04-26,9
1954-04-27,8
1954-04-28,8
1954-04-29,8
1954-04-30,8
1954-05-01,8
1954-05-02,8
1954-05-03,8
1954-05-04,8
1954-05-05,7
1954-05-06,7
1954-05-07,7
1954-05-08,8
1954-05-09,8
1954-05-10,7
1954-05-11,7
1954-05-12,6
1954-05-13,7
1954-05-14,7
1954-05-15,8
1954-05-16,7
1954-05-17,7
1954-05-18,6
1954-05-19,6
1954-05-20,7
1954-05-21,8
1954-05-22,8
1954-05-23,8
1954-05-24,7
1954-05-25,7
1954-05-26,7
1954-05-27,8
1954-05-28,9
1954-05-29,10
1954-05-30,10
1954-05-31,8
1954-06-01,8
1954-06-02,8
1954-06-03,8
1954-06-04,9
1954-06-05,10
1954-06-06,9
1954-06-07,8
1954-06-08,8
1954-06-09,7
1954-06-10,8
1954-06-11,8
1954-06-12,9
1954-06-13,9
1954-06-14,8
1954-06-15,8
1954-06-16,8
1954-06-17,8
1954-06-18,9
1954-06-19,9
1954-06-20,10
1954-06-21,9
1954-06-22,8
1954-06-23,8
1954-06-24,9
1954-06-25,9
1954-06-26,11
1954-06-27,12
1954-06-28,11
1954-06-29,10
1954-06-30,8
1954-07-01,10
1954-07-02,11
1954-07-03,12
1954-07-04,12
1954-07-05,11
1954-07-06,9
1954-07-07,9
1954-07-08,8
1954-07-09,9
1954-07-10,10
1954-07-11,10
1954-07-12,10
1954-07-13,8
1954-07-14,8
1954-07-15,9
1954-07-16,10
1954-07-17,10
1954-07-18,10
1954-07-19,9
1954-07-20,8
1954-07-21,8
1954-07-22,9
1954-07-23,10
1954-07-24,10
1954-07-25,10
1954-07-26,9
1954-07-27,10
1954-07-28,10
1954-07-29,10
1954-07-30,11
1954-07-31,12
1954-08-01,11
1954-08-02,9
1954-08-03,10
1954-08-04,10
1954-08-05,10
1954-08-06,10
1954-08-07,10
1954-08-08,10
1954-08-09,10
1954-08-10,8
1954-08-11,8
1954-08-12,9
1954-08-13,10
1954-08-14,10
1954-08-15,10
1954-08-16,10
1954-08-17,8
1954-08-18,8
1954-08-19,9
1954-08-20,9
1954-08-21,10
1954-08-22,10
1954-08-23,9
1954-08-24,8
1954-08-25,7
1954-08-26,8
1954-08-27,11
1954-08-28,11
1954-08-29,11
1954-08-30,10
1954-08-31,9
1954-09-01,11
1954-09-02,10
1954-09-03,10
1954-09-04,11
1954-09-05,11
1954-09-06,9
1954-09-07,7
1954-09-08,7
1954-09-09,8
1954-09-10,9
1954-09-11,9
1954-09-12,9
1954-09-13,8
1954-09-14,8
1954-09-15,7
1954-09-16,8
1954-09-17,9
1954-09-18,9
1954-09-19,9
1954-09-20,8
1954-09-21,7
1954-09-22,7
1954-09-23,8
1954-09-24,8
1954-09-25,9
1954-09-26,9
1954-09-27,9
1954-09-28,9
1954-09-29,8
1954-09-30,8
1954-10-01,6
1954-10-02,9
1954-10-03,10
1954-10-04,8
1954-10-05,8
1954-10-06,6
1954-10-07,7
1954-10-08,8
1954-10-09,8
1954-10-10,7
1954-10-11,7
1954-10-12,6
1954-10-13,6
1954-10-14,6
1954-10-15,8
1954-10-16,7
1954-10-17,8
1954-10-18,7
1954-10-19,7
1954-10-20,6
1954-10-21,7
1954-10-22,7
1954-10-23,7
1954-10-24,8
1954-10-25,7
1954-10-26,7
1954-10-27,7
1954-10-28,7
1954-10-29,9
1954-10-30,9
1954-10-31,9
1954-11-01,8
1954-11-02,6
1954-11-03,6
1954-11-04,6
1954-11-05,7
1954-11-06,7
1954-11-07,7
1954-11-08,6
1954-11-09,5
1954-11-10,6
1954-11-11,6
1954-11-12,6
1954-11-13,6
1954-11-14,7
1954-11-15,6
1954-11-16,6
1954-11-17,6
1954-11-18,6
1954-11-19,7
1954-11-20,7
1954-11-21,8
1954-11-22,6
1954-11-23,6
1954-11-24,6
1954-11-25,6
1954-11-26,8
1954-11-27,8
1954-11-28,10
1954-11-29,10
1954-11-30,8
1954-12-01,7
1954-12-02,7
1954-12-03,8
1954-12-04,8
1954-12-05,9
1954-12-06,7
1954-12-07,6
1954-12-08,6
1954-12-09,7
1954-12-10,7
1954-12-11,8
1954-12-12,8
1954-12-13,7
1954-12-14,7
1954-12-15,7
1954-12-16,7
1954-12-17,7
1954-12-18,8
1954-12-19,8
1954-12-20,7
1954-12-21,7
1954-12-22,6
1954-12-23,7
1954-12-24,8
1954-12-25,8
1954-12-26,8
1954-12-27,9
1954-12-28,7
1954-12-29,7
1954-12-30,8
1954-12-31,8
1955-01-01,9
1955-01-02,10
1955-01-03,9
1955-01-04,8
1955-01-05,7
1955-01-06,7
1955-01-07,8
1955-01-08,8
1955-01-09,8
1955-01-10,8
1955-01-11,7
1955-01-12,7
1955-01-13,7
1955-01-14,7
1955-01-15,8
1955-01-16,8
1955-01-17,8
1955-01-18,7
1955-01-19,7
1955-01-20,7
1955-01-21,7
1955-01-22,8
1955-01-23,8
1955-01-24,8
1955-01-25,7
1955-01-26,6
1955-01-27,8
1955-01-28,9
1955-01-29,9
1955-01-30,9
1955-01-31,8
1955-02-01,7
1955-02-02,7
1955-02-03,8
1955-02-04,9
1955-02-05,9
1955-02-06,9
1955-02-07,7
1955-02-08,7
1955-02-09,7
1955-02-10,7
1955-02-11,8
1955-02-12,8
1955-02-13,8
1955-02-14,8
1955-02-15,7
1955-02-16,7
1955-02-17,8
1955-02-18,9
1955-02-19,9
1955-02-20,9
1955-02-21,8
1955-02-22,7
1955-02-23,8
1955-02-24,9
1955-02-25,10
1955-02-26,11
1955-02-27,11
1955-02-28,11
1955-03-01,8
1955-03-02,8
1955-03-03,8
1955-03-04,10
1955-03-05,10
1955-03-06,9
1955-03-07,9
1955-03-08,8
1955-03-09,8
1955-03-10,8
1955-03-11,9
1955-03-12,9
1955-03-13,9
1955-03-14,8
1955-03-15,8
1955-03-16,7
1955-03-17,8
1955-03-18,9
1955-03-19,9
1955-03-20,9
1955-03-21,8
1955-03-22,8
1955-03-23,8
1955-03-24,8
1955-03-25,9
1955-03-26,9
1955-03-27,10
1955-03-28,10
1955-03-29,9
1955-03-30,8
1955-03-31,9
1955-04-01,10
1955-04-02,10
1955-04-03,11
1955-04-04,10
1955-04-05,9
1955-04-06,7
1955-04-07,9
1955-04-08,9
1955-04-09,9
1955-04-10,9
1955-04-11,9
1955-04-12,8
1955-04-13,7
1955-04-14,8
1955-04-15,8
1955-04-16,10
1955-04-17,9
1955-04-18,9
1955-04-19,8
1955-04-20,7
1955-04-21,8
1955-04-22,9
1955-04-23,9
1955-04-24,10
1955-04-25,9
1955-04-26,9
1955-04-27,9
1955-04-28,9
1955-04-29,10
1955-04-30,11
1955-05-01,9
1955-05-02,9
1955-05-03,9
1955-05-04,8
1955-05-05,8
1955-05-06,8
1955-05-07,9
1955-05-08,9
1955-05-09,8
1955-05-10,7
1955-05-11,7
1955-05-12,8
1955-05-13,8
1955-05-14,8
1955-05-15,10
1955-05-16,8
1955-05-17,7
1955-05-18,7
1955-05-19,8
1955-05-20,9
1955-05-21,9
1955-05-22,10
1955-05-23,9
1955-05-24,8
1955-05-25,8
1955-05-26,8
1955-05-27,10
1955-05-28,11
1955-05-29,11
1955-05-30,11
1955-05-31,11
1955-06-01,9
1955-06-02,10
1955-06-03,11
1955-06-04,11
1955-06-05,12
1955-06-06,10
1955-06-07,9
1955-06-08,9
1955-06-09,9
1955-06-10,10
1955-06-11,11
1955-06-12,11
1955-06-13,10
1955-06-14,10
1955-06-15,9
1955-06-16,9
1955-06-17,10
1955-06-18,11
1955-06-19,12
1955-06-20,11
1955-06-21,10
1955-06-22,9
1955-06-23,10
1955-06-24,11
1955-06-25,12
1955-06-26,14
1955-06-27,12
1955-06-28,12
1955-06-29,10
1955-06-30,11
1955-07-01,15
1955-07-02,14
1955-07-03,15
1955-07-04,12
1955-07-05,11
1955-07-06,10
1955-07-07,11
1955-07-08,11
1955-07-09,12
1955-07-10,13
1955-07-11,11
1955-07-12,11
1955-07-13,9
1955-07-14,11
1955-07-15,11
1955-07-16,13
1955-07-17,12
1955-07-18,12
1955-07-19,11
1955-07-20,10
1955-07-21,10
1955-07-22,12
1955-07-23,11
1955-07-24,12
1955-07-25,12
1955-07-26,10
1955-07-27,11
1955-07-28,11
1955-07-29,13
1955-07-30,14
1955-07-31,13
1955-08-01,12
1955-08-02,12
1955-08-03,12
1955-08-04,12
1955-08-05,13
1955-08-06,12
1955-08-07,12
1955-08-08,11
1955-08-09,10
1955-08-10,10
1955-08-11,10
1955-08-12,11
1955-08-13,12
1955-08-14,12
1955-08-15,11
1955-08-16,10
1955-08-17,9
1955-08-18,10
1955-08-19,11
1955-08-20,12
1955-08-21,12
1955-08-22,11
1955-08-23,10
1955-08-24,9
1955-08-25,10
1955-08-26,11
1955-08-27,13
1955-08-28,13
1955-08-29,12
1955-08-30,11
1955-08-31,11
1955-09-01,12
1955-09-02,12
1955-09-03,14
1955-09-04,14
1955-09-05,11
1955-09-06,9
1955-09-07,9
1955-09-08,9
1955-09-09,10
1955-09-10,11
1955-09-11,11
1955-09-12,10
1955-09-13,9
1955-09-14,10
1955-09-15,9
1955-09-16,11
1955-09-17,11
1955-09-18,11
1955-09-19,10
1955-09-20,9
1955-09-21,9
1955-09-22,9
1955-09-23,10
1955-09-24,10
1955-09-25,10
1955-09-26,11
1955-09-27,10
1955-09-28,10
1955-09-29,10
1955-09-30,11
1955-10-01,9
1955-10-02,11
1955-10-03,11
1955-10-04,9
1955-10-05,9
1955-10-06,8
1955-10-07,9
1955-10-08,9
1955-10-09,10
1955-10-10,9
1955-10-11,8
1955-10-12,7
1955-10-13,8
1955-10-14,9
1955-10-15,9
1955-10-16,9
1955-10-17,9
1955-10-18,8
1955-10-19,7
1955-10-20,7
1955-10-21,8
1955-10-22,9
1955-10-23,9
1955-10-24,9
1955-10-25,8
1955-10-26,7
1955-10-27,9
1955-10-28,9
1955-10-29,10
1955-10-30,11
1955-10-31,10
1955-11-01,6
1955-11-02,7
1955-11-03,7
1955-11-04,8
1955-11-05,9
1955-11-06,8
1955-11-07,7
1955-11-08,7
1955-11-09,7
1955-11-10,7
1955-11-11,7
1955-11-12,8
1955-11-13,8
1955-11-14,8
1955-11-15,7
1955-11-16,7
1955-11-17,7
1955-11-18,8
1955-11-19,8
1955-11-20,9
1955-11-21,8
1955-11-22,7
1955-11-23,7
1955-11-24,7
1955-11-25,8
1955-11-26,10
1955-11-27,9
1955-11-28,11
1955-11-29,10
1955-11-30,10
1955-12-01,9
1955-12-02,10
1955-12-03,10
1955-12-04,11
1955-12-05,10
1955-12-06,8
1955-12-07,8
1955-12-08,8
1955-12-09,9
1955-12-10,9
1955-12-11,9
1955-12-12,9
1955-12-13,8
1955-12-14,7
1955-12-15,8
1955-12-16,9
1955-12-17,9
1955-12-18,9
1955-12-19,9
1955-12-20,8
1955-12-21,7
1955-12-22,8
1955-12-23,9
1955-12-24,9
1955-12-25,10
1955-12-26,9
1955-12-27,9
1955-12-28,9
1955-12-29,9
1955-12-30,11
1955-12-31,11
1956-01-01,12
1956-01-02,11
1956-01-03,9
1956-01-04,9
1956-01-05,10
1956-01-06,9
1956-01-07,9
1956-01-08,10
1956-01-09,8
1956-01-10,8
1956-01-11,8
1956-01-12,8
1956-01-13,9
1956-01-14,9
1956-01-15,10
1956-01-16,9
1956-01-17,8
1956-01-18,8
1956-01-19,8
1956-01-20,9
1956-01-21,10
1956-01-22,10
1956-01-23,8
1956-01-24,8
1956-01-25,8
1956-01-26,8
1956-01-27,10
1956-01-28,11
1956-01-29,11
1956-01-30,10
1956-01-31,9
1956-02-01,9
1956-02-02,10
1956-02-03,10
1956-02-04,10
1956-02-05,11
1956-02-06,9
1956-02-07,8
1956-02-08,8
1956-02-09,8
1956-02-10,9
1956-02-11,10
1956-02-12,9
1956-02-13,9
1956-02-14,8
1956-02-15,8
1956-02-16,9
1956-02-17,9
1956-02-18,10
1956-02-19,11
1956-02-20,9
1956-02-21,8
1956-02-22,9
1956-02-23,9
1956-02-24,10
1956-02-25,12
1956-02-26,13
1956-02-27,11
1956-02-28,10
1956-02-29,11
1956-03-01,10
1956-03-02,12
1956-03-03,12
1956-03-04,13
1956-03-05,11
1956-03-06,9
1956-03-07,9
1956-03-08,10
1956-03-09,10
1956-03-10,10
1956-03-11,10
1956-03-12,9
1956-03-13,9
1956-03-14,9
1956-03-15,9
1956-03-16,10
1956-03-17,11
1956-03-18,11
1956-03-19,10
1956-03-20,9
1956-03-21,9
1956-03-22,9
1956-03-23,10
1956-03-24,10
1956-03-25,11
1956-03-26,10
1956-03-27,10
1956-03-28,11
1956-03-29,11
1956-03-30,11
1956-03-31,12
1956-04-01,14
1956-04-02,11
1956-04-03,10
1956-04-04,11
1956-04-05,11
1956-04-06,10
1956-04-07,11
1956-04-08,11
1956-04-09,10
1956-04-10,9
1956-04-11,9
1956-04-12,10
1956-04-13,10
1956-04-14,10
1956-04-15,10
1956-04-16,10
1956-04-17,9
1956-04-18,10
1956-04-19,9
1956-04-20,10
1956-04-21,10
1956-04-22,11
1956-04-23,9
1956-04-24,9
1956-04-25,9
1956-04-26,11
1956-04-27,12
1956-04-28,12
1956-04-29,13
1956-04-30,12
1956-05-01,9
1956-05-02,10
1956-05-03,9
1956-05-04,11
1956-05-05,10
1956-05-06,10
1956-05-07,10
1956-05-08,9
1956-05-09,9
1956-05-10,9
1956-05-11,10
1956-05-12,10
1956-05-13,11
1956-05-14,10
1956-05-15,9
1956-05-16,9
1956-05-17,9
1956-05-18,10
1956-05-19,11
1956-05-20,11
1956-05-21,11
1956-05-22,10
1956-05-23,10
1956-05-24,9
1956-05-25,11
1956-05-26,11
1956-05-27,13
1956-05-28,12
1956-05-29,11
1956-05-30,12
1956-05-31,12
1956-06-01,13
1956-06-02,13
1956-06-03,14
1956-06-04,13
1956-06-05,12
1956-06-06,10
1956-06-07,11
1956-06-08,12
1956-06-09,13
1956-06-10,14
1956-06-11,12
1956-06-12,11
1956-06-13,10
1956-06-14,10
1956-06-15,12
1956-06-16,13
1956-06-17,14
1956-06-18,12
1956-06-19,11
1956-06-20,11
1956-06-21,11
1956-06-22,13
1956-06-23,13
1956-06-24,14
1956-06-25,12
1956-06-26,13
1956-06-27,12
1956-06-28,13
1956-06-29,15
1956-06-30,17
1956-07-01,15
1956-07-02,15
1956-07-03,13
1956-07-04,14
1956-07-05,15
1956-07-06,14
1956-07-07,14
1956-07-08,15
1956-07-09,11
1956-07-10,12
1956-07-11,11
1956-07-12,11
1956-07-13,12
1956-07-14,13
1956-07-15,14
1956-07-16,14
1956-07-17,11
1956-07-18,13
1956-07-19,12
1956-07-20,13
1956-07-21,14
1956-07-22,14
1956-07-23,12
1956-07-24,13
1956-07-25,12
1956-07-26,12
1956-07-27,15
1956-07-28,15
1956-07-29,16
1956-07-30,15
1956-07-31,13
1956-08-01,11
1956-08-02,15
1956-08-03,16
1956-08-04,17
1956-08-05,17
1956-08-06,13
1956-08-07,11
1956-08-08,11
1956-08-09,13
1956-08-10,13
1956-08-11,14
1956-08-12,15
1956-08-13,13
1956-08-14,12
1956-08-15,11
1956-08-16,12
1956-08-17,13
1956-08-18,13
1956-08-19,13
1956-08-20,13
1956-08-21,11
1956-08-22,11
1956-08-23,11
1956-08-24,12
1956-08-25,13
1956-08-26,14
1956-08-27,14
1956-08-28,13
1956-08-29,13
1956-08-30,13
1956-08-31,14
1956-09-01,15
1956-09-02,15
1956-09-03,14
1956-09-04,13
1956-09-05,12
1956-09-06,11
1956-09-07,12
1956-09-08,12
1956-09-09,13
1956-09-10,12
1956-09-11,11
1956-09-12,11
1956-09-13,11
1956-09-14,12
1956-09-15,12
1956-09-16,11
1956-09-17,11
1956-09-18,10
1956-09-19,10
1956-09-20,10
1956-09-21,11
1956-09-22,11
1956-09-23,12
1956-09-24,11
1956-09-25,10
1956-09-26,11
1956-09-27,12
1956-09-28,13
1956-09-29,13
1956-09-30,13
1956-10-01,12
1956-10-02,10
1956-10-03,10
1956-10-04,10
1956-10-05,12
1956-10-06,10
1956-10-07,11
1956-10-08,10
1956-10-09,9
1956-10-10,9
1956-10-11,10
1956-10-12,10
1956-10-13,10
1956-10-14,12
1956-10-15,9
1956-10-16,9
1956-10-17,9
1956-10-18,9
1956-10-19,10
1956-10-20,10
1956-10-21,10
1956-10-22,9
1956-10-23,8
1956-10-24,8
1956-10-25,8
1956-10-26,9
1956-10-27,12
1956-10-28,12
1956-10-29,10
1956-10-30,9
1956-10-31,10
1956-11-01,9
1956-11-02,9
1956-11-03,10
1956-11-04,10
1956-11-05,9
1956-11-06,8
1956-11-07,8
1956-11-08,8
1956-11-09,9
1956-11-10,9
1956-11-11,10
1956-11-12,8
1956-11-13,8
1956-11-14,8
1956-11-15,8
1956-11-16,10
1956-11-17,9
1956-11-18,10
1956-11-19,9
1956-11-20,8
1956-11-21,8
1956-11-22,8
1956-11-23,9
1956-11-24,10
1956-11-25,10
1956-11-26,11
1956-11-27,10
1956-11-28,9
1956-11-29,9
1956-11-30,10
1956-12-01,11
1956-12-02,12
1956-12-03,10
1956-12-04,10
1956-12-05,9
1956-12-06,9
1956-12-07,9
1956-12-08,10
1956-12-09,10
1956-12-10,8
1956-12-11,9
1956-12-12,8
1956-12-13,8
1956-12-14,10
1956-12-15,12
1956-12-16,10
1956-12-17,10
1956-12-18,8
1956-12-19,9
1956-12-20,9
1956-12-21,10
1956-12-22,11
1956-12-23,11
1956-12-24,9
1956-12-25,8
1956-12-26,8
1956-12-27,11
1956-12-28,11
1956-12-29,12
1956-12-30,13
1956-12-31,11
1957-01-01,12
1957-01-02,10
1957-01-03,12
1957-01-04,12
1957-01-05,12
1957-01-06,11
1957-01-07,10
1957-01-08,9
1957-01-09,9
1957-01-10,9
1957-01-11,10
1957-01-12,10
1957-01-13,10
1957-01-14,10
1957-01-15,9
1957-01-16,9
1957-01-17,9
1957-01-18,10
1957-01-19,10
1957-01-20,10
1957-01-21,10
1957-01-22,9
1957-01-23,9
1957-01-24,9
1957-01-25,10
1957-01-26,10
1957-01-27,12
1957-01-28,11
1957-01-29,11
1957-01-30,10
1957-01-31,11
1957-02-01,11
1957-02-02,10
1957-02-03,13
1957-02-04,10
1957-02-05,10
1957-02-06,9
1957-02-07,9
1957-02-08,10
1957-02-09,11
1957-02-10,11
1957-02-11,10
1957-02-12,9
1957-02-13,9
1957-02-14,9
1957-02-15,11
1957-02-16,11
1957-02-17,12
1957-02-18,11
1957-02-19,9
1957-02-20,9
1957-02-21,10
1957-02-22,11
1957-02-23,12
1957-02-24,14
1957-02-25,13
1957-02-26,13
1957-02-27,12
1957-02-28,12
1957-03-01,13
1957-03-02,13
1957-03-03,14
1957-03-04,13
1957-03-05,12
1957-03-06,10
1957-03-07,10
1957-03-08,11
1957-03-09,12
1957-03-10,13
1957-03-11,11
1957-03-12,9
1957-03-13,10
1957-03-14,10
1957-03-15,12
1957-03-16,12
1957-03-17,12
1957-03-18,11
1957-03-19,10
1957-03-20,10
1957-03-21,11
1957-03-22,11
1957-03-23,12
1957-03-24,12
1957-03-25,10
1957-03-26,10
1957-03-27,11
1957-03-28,11
1957-03-29,13
1957-03-30,14
1957-03-31,13
1957-04-01,13
1957-04-02,12
1957-04-03,12
1957-04-04,11
1957-04-05,12
1957-04-06,12
1957-04-07,11
1957-04-08,11
1957-04-09,10
1957-04-10,10
1957-04-11,9
1957-04-12,11
1957-04-13,12
1957-04-14,11
1957-04-15,12
1957-04-16,10
1957-04-17,10
1957-04-18,11
1957-04-19,13
1957-04-20,12
1957-04-21,13
1957-04-22,11
1957-04-23,10
1957-04-24,10
1957-04-25,10
1957-04-26,13
1957-04-27,15
1957-04-28,15
1957-04-29,13
1957-04-30,13
1957-05-01,10
1957-05-02,11
1957-05-03,12
1957-05-04,12
1957-05-05,13
1957-05-06,10
1957-05-07,10
1957-05-08,9
1957-05-09,10
1957-05-10,11
1957-05-11,11
1957-05-12,12
1957-05-13,11
1957-05-14,10
1957-05-15,10
1957-05-16,10
1957-05-17,11
1957-05-18,12
1957-05-19,12
1957-05-20,11
1957-05-21,10
1957-05-22,11
1957-05-23,11
1957-05-24,12
1957-05-25,13
1957-05-26,13
1957-05-27,14
1957-05-28,12
1957-05-29,13
1957-05-30,13
1957-05-31,15
1957-06-01,16
1957-06-02,16
1957-06-03,14
1957-06-04,14
1957-06-05,14
1957-06-06,12
1957-06-07,13
1957-06-08,14
1957-06-09,15
1957-06-10,13
1957-06-11,12
1957-06-12,12
1957-06-13,13
1957-06-14,13
1957-06-15,15
1957-06-16,15
1957-06-17,13
1957-06-18,12
1957-06-19,13
1957-06-20,12
1957-06-21,15
1957-06-22,15
1957-06-23,15
1957-06-24,14
1957-06-25,12
1957-06-26,14
1957-06-27,15
1957-06-28,16
1957-06-29,17
1957-06-30,18
1957-07-01,16
1957-07-02,15
1957-07-03,15
1957-07-04,15
1957-07-05,17
1957-07-06,16
1957-07-07,16
1957-07-08,14
1957-07-09,13
1957-07-10,12
1957-07-11,14
1957-07-12,14
1957-07-13,16
1957-07-14,17
1957-07-15,15
1957-07-16,14
1957-07-17,13
1957-07-18,14
1957-07-19,14
1957-07-20,16
1957-07-21,15
1957-07-22,15
1957-07-23,14
1957-07-24,13
1957-07-25,14
1957-07-26,15
1957-07-27,18
1957-07-28,17
1957-07-29,17
1957-07-30,16
1957-07-31,15
1957-08-01,16
1957-08-02,18
1957-08-03,18
1957-08-04,20
1957-08-05,18
1957-08-06,13
1957-08-07,13
1957-08-08,14
1957-08-09,16
1957-08-10,16
1957-08-11,16
1957-08-12,15
1957-08-13,14
1957-08-14,13
1957-08-15,14
1957-08-16,16
1957-08-17,15
1957-08-18,16
1957-08-19,14
1957-08-20,13
1957-08-21,13
1957-08-22,13
1957-08-23,14
1957-08-24,15
1957-08-25,16
1957-08-26,14
1957-08-27,14
1957-08-28,14
1957-08-29,14
1957-08-30,16
1957-08-31,16
1957-09-01,19
1957-09-02,15
1957-09-03,14
1957-09-04,14
1957-09-05,15
1957-09-06,14
1957-09-07,15
1957-09-08,14
1957-09-09,13
1957-09-10,12
1957-09-11,11
1957-09-12,12
1957-09-13,14
1957-09-14,14
1957-09-15,14
1957-09-16,13
1957-09-17,12
1957-09-18,12
1957-09-19,11
1957-09-20,13
1957-09-21,15
1957-09-22,13
1957-09-23,12
1957-09-24,12
1957-09-25,10
1957-09-26,13
1957-09-27,16
1957-09-28,14
1957-09-29,15
1957-09-30,13
1957-10-01,12
1957-10-02,12
1957-10-03,12
1957-10-04,13
1957-10-05,14
1957-10-06,13
1957-10-07,12
1957-10-08,10
1957-10-09,10
1957-10-10,10
1957-10-11,11
1957-10-12,12
1957-10-13,12
1957-10-14,11
1957-10-15,10
1957-10-16,10
1957-10-17,10
1957-10-18,11
1957-10-19,11
1957-10-20,12
1957-10-21,11
1957-10-22,9
1957-10-23,9
1957-10-24,10
1957-10-25,11
1957-10-26,11
1957-10-27,12
1957-10-28,13
1957-10-29,11
1957-10-30,11
1957-10-31,11
1957-11-01,10
1957-11-02,11
1957-11-03,11
1957-11-04,11
1957-11-05,9
1957-11-06,9
1957-11-07,9
1957-11-08,10
1957-11-09,10
1957-11-10,10
1957-11-11,10
1957-11-12,9
1957-11-13,8
1957-11-14,9
1957-11-15,10
1957-11-16,11
1957-11-17,11
1957-11-18,10
1957-11-19,9
1957-11-20,9
1957-11-21,9
1957-11-22,10
1957-11-23,10
1957-11-24,11
1957-11-25,11
1957-11-26,11
1957-11-27,10
1957-11-28,11
1957-11-29,13
1957-11-30,13
1957-12-01,12
1957-12-02,12
1957-12-03,11
1957-12-04,10
1957-12-05,11
1957-12-06,11
1957-12-07,10
1957-12-08,12
1957-12-09,10
1957-12-10,10
1957-12-11,9
1957-12-12,10
1957-12-13,11
1957-12-14,11
1957-12-15,12
1957-12-16,11
1957-12-17,10
1957-12-18,9
1957-12-19,11
1957-12-20,11
1957-12-21,13
1957-12-22,12
1957-12-23,10
1957-12-24,10
1957-12-25,9
1957-12-26,10
1957-12-27,12
1957-12-28,12
1957-12-29,13
1957-12-30,11
1957-12-31,10
1958-01-01,12
1958-01-02,12
1958-01-03,13
1958-01-04,13
1958-01-05,14
1958-01-06,10
1958-01-07,10
1958-01-08,10
1958-01-09,10
1958-01-10,11
1958-01-11,12
1958-01-12,12
1958-01-13,11
1958-01-14,10
1958-01-15,9
1958-01-16,10
1958-01-17,11
1958-01-18,11
1958-01-19,12
1958-01-20,10
1958-01-21,9
1958-01-22,10
1958-01-23,10
1958-01-24,10
1958-01-25,10
1958-01-26,12
1958-01-27,11
1958-01-28,11
1958-01-29,11
1958-01-30,11
1958-01-31,12
1958-02-01,13
1958-02-02,12
1958-02-03,12
1958-02-04,11
1958-02-05,10
1958-02-06,10
1958-02-07,11
1958-02-08,11
1958-02-09,11
1958-02-10,11
1958-02-11,10
1958-02-12,9
1958-02-13,10
1958-02-14,11
1958-02-15,12
1958-02-16,12
1958-02-17,11
1958-02-18,10
1958-02-19,10
1958-02-20,11
1958-02-21,11
1958-02-22,13
1958-02-23,13
1958-02-24,13
1958-02-25,12
1958-02-26,12
1958-02-27,13
1958-02-28,13
1958-03-01,13
1958-03-02,14
1958-03-03,13
1958-03-04,11
1958-03-05,12
1958-03-06,11
1958-03-07,12
1958-03-08,12
1958-03-09,13
1958-03-10,11
1958-03-11,9
1958-03-12,9
1958-03-13,10
1958-03-14,11
1958-03-15,12
1958-03-16,13
1958-03-17,12
1958-03-18,10
1958-03-19,10
1958-03-20,11
1958-03-21,12
1958-03-22,12
1958-03-23,11
1958-03-24,11
1958-03-25,10
1958-03-26,10
1958-03-27,12
1958-03-28,14
1958-03-29,14
1958-03-30,14
1958-03-31,13
1958-04-01,10
1958-04-02,10
1958-04-03,12
1958-04-04,13
1958-04-05,15
1958-04-06,12
1958-04-07,12
1958-04-08,10
1958-04-09,10
1958-04-10,11
1958-04-11,10
1958-04-12,12
1958-04-13,14
1958-04-14,12
1958-04-15,11
1958-04-16,10
1958-04-17,10
1958-04-18,11
1958-04-19,10
1958-04-20,12
1958-04-21,11
1958-04-22,11
1958-04-23,10
1958-04-24,11
1958-04-25,12
1958-04-26,14
1958-04-27,15
1958-04-28,13
1958-04-29,12
1958-04-30,12
1958-05-01,10
1958-05-02,12
1958-05-03,12
1958-05-04,13
1958-05-05,12
1958-05-06,9
1958-05-07,10
1958-05-08,11
1958-05-09,11
1958-05-10,12
1958-05-11,13
1958-05-12,11
1958-05-13,10
1958-05-14,10
1958-05-15,10
1958-05-16,11
1958-05-17,13
1958-05-18,13
1958-05-19,11
1958-05-20,11
1958-05-21,11
1958-05-22,11
1958-05-23,12
1958-05-24,12
1958-05-25,13
1958-05-26,12
1958-05-27,13
1958-05-28,12
1958-05-29,14
1958-05-30,13
1958-05-31,15
1958-06-01,17
1958-06-02,15
1958-06-03,13
1958-06-04,13
1958-06-05,14
1958-06-06,14
1958-06-07,14
1958-06-08,15
1958-06-09,14
1958-06-10,12
1958-06-11,11
1958-06-12,14
1958-06-13,14
1958-06-14,15
1958-06-15,16
1958-06-16,16
1958-06-17,12
1958-06-18,13
1958-06-19,13
1958-06-20,14
1958-06-21,15
1958-06-22,15
1958-06-23,14
1958-06-24,12
1958-06-25,13
1958-06-26,16
1958-06-27,18
1958-06-28,18
1958-06-29,19
1958-06-30,16
1958-07-01,16
1958-07-02,15
1958-07-03,16
1958-07-04,17
1958-07-05,18
1958-07-06,17
1958-07-07,16
1958-07-08,14
1958-07-09,13
1958-07-10,15
1958-07-11,15
1958-07-12,17
1958-07-13,17
1958-07-14,16
1958-07-15,14
1958-07-16,14
1958-07-17,14
1958-07-18,16
1958-07-19,16
1958-07-20,16
1958-07-21,16
1958-07-22,14
1958-07-23,14
1958-07-24,15
1958-07-25,17
1958-07-26,17
1958-07-27,20
1958-07-28,18
1958-07-29,16
1958-07-30,16
1958-07-31,16
1958-08-01,20
1958-08-02,21
1958-08-03,22
1958-08-04,18
1958-08-05,18
1958-08-06,15
1958-08-07,16
1958-08-08,17
1958-08-09,18
1958-08-10,18
1958-08-11,17
1958-08-12,15
1958-08-13,14
1958-08-14,15
1958-08-15,16
1958-08-16,17
1958-08-17,17
1958-08-18,15
1958-08-19,14
1958-08-20,13
1958-08-21,14
1958-08-22,15
1958-08-23,17
1958-08-24,15
1958-08-25,14
1958-08-26,13
1958-08-27,15
1958-08-28,15
1958-08-29,17
1958-08-30,17
1958-08-31,17
1958-09-01,16
1958-09-02,14
1958-09-03,13
1958-09-04,15
1958-09-05,16
1958-09-06,14
1958-09-07,15
1958-09-08,13
1958-09-09,13
1958-09-10,11
1958-09-11,13
1958-09-12,13
1958-09-13,13
1958-09-14,15
1958-09-15,14
1958-09-16,12
1958-09-17,12
1958-09-18,13
1958-09-19,13
1958-09-20,14
1958-09-21,14
1958-09-22,13
1958-09-23,11
1958-09-24,11
1958-09-25,12
1958-09-26,13
1958-09-27,16
1958-09-28,14
1958-09-29,14
1958-09-30,14
1958-10-01,11
1958-10-02,11
1958-10-03,14
1958-10-04,15
1958-10-05,15
1958-10-06,11
1958-10-07,11
1958-10-08,11
1958-10-09,11
1958-10-10,13
1958-10-11,12
1958-10-12,13
1958-10-13,12
1958-10-14,10
1958-10-15,10
1958-10-16,11
1958-10-17,11
1958-10-18,12
1958-10-19,12
1958-10-20,11
1958-10-21,9
1958-10-22,10
1958-10-23,10
1958-10-24,11
1958-10-25,12
1958-10-26,12
1958-10-27,13
1958-10-28,10
1958-10-29,11
1958-10-30,11
1958-10-31,13
1958-11-01,12
1958-11-02,11
1958-11-03,11
1958-11-04,10
1958-11-05,8
1958-11-06,10
1958-11-07,10
1958-11-08,9
1958-11-09,11
1958-11-10,9
1958-11-11,9
1958-11-12,9
1958-11-13,9
1958-11-14,10
1958-11-15,11
1958-11-16,11
1958-11-17,11
1958-11-18,9
1958-11-19,9
1958-11-20,9
1958-11-21,11
1958-11-22,11
1958-11-23,10
1958-11-24,10
1958-11-25,9
1958-11-26,11
1958-11-27,10
1958-11-28,13
1958-11-29,14
1958-11-30,13
1958-12-01,11
1958-12-02,10
1958-12-03,10
1958-12-04,11
1958-12-05,12
1958-12-06,11
1958-12-07,11
1958-12-08,10
1958-12-09,10
1958-12-10,9
1958-12-11,10
1958-12-12,11
1958-12-13,11
1958-12-14,12
1958-12-15,11
1958-12-16,10
1958-12-17,9
1958-12-18,10
1958-12-19,12
1958-12-20,11
1958-12-21,12
1958-12-22,11
1958-12-23,10
1958-12-24,9
1958-12-25,10
1958-12-26,11
1958-12-27,15
1958-12-28,13
1958-12-29,12
1958-12-30,11
1958-12-31,11
1959-01-01,12
1959-01-02,11
1959-01-03,14
1959-01-04,15
1959-01-05,13
1959-01-06,10
1959-01-07,10
1959-01-08,10
1959-01-09,12
1959-01-10,11
1959-01-11,12
1959-01-12,12
1959-01-13,10
1959-01-14,10
1959-01-15,11
1959-01-16,11
1959-01-17,12
1959-01-18,12
1959-01-19,11
1959-01-20,10
1959-01-21,10
1959-01-22,10
1959-01-23,12
1959-01-24,12
1959-01-25,11
1959-01-26,10
1959-01-27,13
1959-01-28,12
1959-01-29,13
1959-01-30,14
1959-01-31,14
1959-02-01,15
1959-02-02,12
1959-02-03,11
1959-02-04,11
1959-02-05,12
1959-02-06,12
1959-02-07,12
1959-02-08,11
1959-02-09,11
1959-02-10,11
1959-02-11,10
1959-02-12,11
1959-02-13,12
1959-02-14,13
1959-02-15,13
1959-02-16,12
1959-02-17,11
1959-02-18,10
1959-02-19,11
1959-02-20,13
1959-02-21,13
1959-02-22,13
1959-02-23,13
1959-02-24,13
1959-02-25,13
1959-02-26,14
1959-02-27,14
1959-02-28,15
1959-03-01,15
1959-03-02,15
1959-03-03,12
1959-03-04,13
1959-03-05,14
1959-03-06,12
1959-03-07,13
1959-03-08,12
1959-03-09,12
1959-03-10,10
1959-03-11,12
1959-03-12,12
1959-03-13,13
1959-03-14,14
1959-03-15,14
1959-03-16,13
1959-03-17,11
1959-03-18,12
1959-03-19,13
1959-03-20,14
1959-03-21,14
1959-03-22,14
1959-03-23,12
1959-03-24,12
1959-03-25,12
1959-03-26,12
1959-03-27,16
1959-03-28,15
1959-03-29,16
1959-03-30,15
1959-03-31,12
1959-04-01,12
1959-04-02,13
1959-04-03,16
1959-04-04,16
1959-04-05,15
1959-04-06,13
1959-04-07,11
1959-04-08,10
1959-04-09,11
1959-04-10,13
1959-04-11,13
1959-04-12,13
1959-04-13,13
1959-04-14,12
1959-04-15,10
1959-04-16,11
1959-04-17,14
1959-04-18,14
1959-04-19,15
1959-04-20,13
1959-04-21,11
1959-04-22,11
1959-04-23,12
1959-04-24,13
1959-04-25,14
1959-04-26,16
1959-04-27,16
1959-04-28,15
1959-04-29,15
1959-04-30,15
1959-05-01,15
1959-05-02,15
1959-05-03,15
1959-05-04,14
1959-05-05,13
1959-05-06,12
1959-05-07,12
1959-05-08,14
1959-05-09,13
1959-05-10,13
1959-05-11,13
1959-05-12,12
1959-05-13,12
1959-05-14,12
1959-05-15,13
1959-05-16,14
1959-05-17,14
1959-05-18,12
1959-05-19,12
1959-05-20,12
1959-05-21,12
1959-05-22,13
1959-05-23,14
1959-05-24,14
1959-05-25,14
1959-05-26,12
1959-05-27,13
1959-05-28,15
1959-05-29,16
1959-05-30,18
1959-05-31,17
1959-06-01,15
1959-06-02,14
1959-06-03,14
1959-06-04,15
1959-06-05,17
1959-06-06,14
1959-06-07,15
1959-06-08,14
1959-06-09,14
1959-06-10,13
1959-06-11,14
1959-06-12,16
1959-06-13,15
1959-06-14,17
1959-06-15,15
1959-06-16,14
1959-06-17,13
1959-06-18,14
1959-06-19,17
1959-06-20,17
1959-06-21,18
1959-06-22,16
1959-06-23,14
1959-06-24,14
1959-06-25,15
1959-06-26,19
1959-06-27,20
1959-06-28,21
1959-06-29,20
1959-06-30,18
1959-07-01,16
1959-07-02,18
1959-07-03,20
1959-07-04,21
1959-07-05,21
1959-07-06,16
1959-07-07,16
1959-07-08,15
1959-07-09,16
1959-07-10,18
1959-07-11,18
1959-07-12,17
1959-07-13,17
1959-07-14,15
1959-07-15,15
1959-07-16,16
1959-07-17,18
1959-07-18,20
1959-07-19,19
1959-07-20,17
1959-07-21,15
1959-07-22,15
1959-07-23,16
1959-07-24,18
1959-07-25,19
1959-07-26,19
1959-07-27,21
1959-07-28,18
1959-07-29,18
1959-07-30,19
1959-07-31,21
1959-08-01,24
1959-08-02,25
1959-08-03,22
1959-08-04,19
1959-08-05,18
1959-08-06,17
1959-08-07,19
1959-08-08,19
1959-08-09,21
1959-08-10,18
1959-08-11,16
1959-08-12,16
1959-08-13,16
1959-08-14,18
1959-08-15,18
1959-08-16,19
1959-08-17,17
1959-08-18,15
1959-08-19,15
1959-08-20,16
1959-08-21,17
1959-08-22,18
1959-08-23,18
1959-08-24,16
1959-08-25,15
1959-08-26,14
1959-08-27,17
1959-08-28,19
1959-08-29,19
1959-08-30,21
1959-08-31,17
1959-09-01,18
1959-09-02,16
1959-09-03,16
1959-09-04,18
1959-09-05,19
1959-09-06,18
1959-09-07,15
1959-09-08,14
1959-09-09,14
1959-09-10,13
1959-09-11,15
1959-09-12,16
1959-09-13,16
1959-09-14,15
1959-09-15,14
1959-09-16,13
1959-09-17,14
1959-09-18,16
1959-09-19,17
1959-09-20,15
1959-09-21,15
1959-09-22,13
1959-09-23,13
1959-09-24,13
1959-09-25,15
1959-09-26,18
1959-09-27,18
1959-09-28,16
1959-09-29,15
1959-09-30,15
1959-10-01,15
1959-10-02,15
1959-10-03,15
1959-10-04,17
1959-10-05,15
1959-10-06,12
1959-10-07,11
1959-10-08,12
1959-10-09,12
1959-10-10,14
1959-10-11,15
1959-10-12,13
1959-10-13,11
1959-10-14,11
1959-10-15,11
1959-10-16,13
1959-10-17,14
1959-10-18,14
1959-10-19,12
1959-10-20,11
1959-10-21,11
1959-10-22,12
1959-10-23,14
1959-10-24,13
1959-10-25,15
1959-10-26,12
1959-10-27,12
1959-10-28,13
1959-10-29,13
1959-10-30,15
1959-10-31,14
1959-11-01,13
1959-11-02,13
1959-11-03,11
1959-11-04,11
1959-11-05,12
1959-11-06,11
1959-11-07,12
1959-11-08,12
1959-11-09,12
1959-11-10,11
1959-11-11,9
1959-11-12,11
1959-11-13,12
1959-11-14,13
1959-11-15,12
1959-11-16,12
1959-11-17,11
1959-11-18,10
1959-11-19,11
1959-11-20,13
1959-11-21,12
1959-11-22,14
1959-11-23,12
1959-11-24,11
1959-11-25,10
1959-11-26,14
1959-11-27,15
1959-11-28,15
1959-11-29,14
1959-11-30,13
1959-12-01,12
1959-12-02,12
1959-12-03,13
1959-12-04,15
1959-12-05,15
1959-12-06,14
1959-12-07,13
1959-12-08,11
1959-12-09,11
1959-12-10,12
1959-12-11,13
1959-12-12,14
1959-12-13,14
1959-12-14,12
1959-12-15,12
1959-12-16,11
1959-12-17,12
1959-12-18,13
1959-12-19,14
1959-12-20,14
1959-12-21,13
1959-12-22,11
1959-12-23,11
1959-12-24,13
1959-12-25,13
1959-12-26,13
1959-12-27,17
1959-12-28,16
1959-12-29,14
1959-12-30,13
1959-12-31,14
1960-01-01,14
1960-01-02,18
1960-01-03,16
1960-01-04,14
1960-01-05,14
1960-01-06,13
1960-01-07,12
1960-01-08,13
1960-01-09,13
1960-01-10,15
1960-01-11,14
1960-01-12,12
1960-01-13,11
1960-01-14,12
1960-01-15,13
1960-01-16,14
1960-01-17,14
1960-01-18,12
1960-01-19,12
1960-01-20,11
1960-01-21,12
1960-01-22,13
1960-01-23,14
1960-01-24,14
1960-01-25,13
1960-01-26,11
1960-01-27,13
1960-01-28,14
1960-01-29,14
1960-01-30,16
1960-01-31,16
1960-02-01,16
1960-02-02,14
1960-02-03,13
1960-02-04,14
1960-02-05,13
1960-02-06,13
1960-02-07,14
1960-02-08,12
1960-02-09,11
1960-02-10,10
1960-02-11,12
1960-02-12,14
1960-02-13,15
1960-02-14,14
1960-02-15,13
1960-02-16,11
1960-02-17,11
1960-02-18,11
1960-02-19,13
1960-02-20,14
1960-02-21,14
1960-02-22,14
1960-02-23,12
1960-02-24,12
1960-02-25,15
1960-02-26,16
1960-02-27,17
1960-02-28,17
1960-02-29,16
1960-03-01,13
1960-03-02,13
1960-03-03,13
1960-03-04,15
1960-03-05,16
1960-03-06,14
1960-03-07,13
1960-03-08,12
1960-03-09,12
1960-03-10,12
1960-03-11,13
1960-03-12,15
1960-03-13,15
1960-03-14,13
1960-03-15,12
1960-03-16,11
1960-03-17,12
1960-03-18,14
1960-03-19,14
1960-03-20,14
1960-03-21,13
1960-03-22,13
1960-03-23,12
1960-03-24,13
1960-03-25,14
1960-03-26,14
1960-03-27,16
1960-03-28,16
1960-03-29,14
1960-03-30,14
1960-03-31,14
1960-04-01,19
1960-04-02,17
1960-04-03,19
1960-04-04,16
1960-04-05,14
1960-04-06,13
1960-04-07,14
1960-04-08,15
1960-04-09,16
1960-04-10,16
1960-04-11,15
1960-04-12,15
1960-04-13,13
1960-04-14,14
1960-04-15,15
1960-04-16,15
1960-04-17,14
1960-04-18,14
1960-04-19,14
1960-04-20,14
1960-04-21,15
1960-04-22,14
1960-04-23,17
1960-04-24,16
1960-04-25,15
1960-04-26,16
1960-04-27,15
1960-04-28,17
1960-04-29,17
1960-04-30,17
1960-05-01,20
1960-05-02,16
1960-05-03,14
1960-05-04,15
1960-05-05,15
1960-05-06,15
1960-05-07,15
1960-05-08,13
1960-05-09,14
1960-05-10,13
1960-05-11,13
1960-05-12,12
1960-05-13,14
1960-05-14,14
1960-05-15,15
1960-05-16,16
1960-05-17,14
1960-05-18,14
1960-05-19,14
1960-05-20,16
1960-05-21,17
1960-05-22,16
1960-05-23,15
1960-05-24,14
1960-05-25,14
1960-05-26,14
1960-05-27,18
1960-05-28,19
1960-05-29,20
1960-05-30,18
1960-05-31,15
1960-06-01,17
1960-06-02,17
1960-06-03,19
1960-06-04,19
1960-06-05,22
1960-06-06,15
1960-06-07,14
1960-06-08,15
1960-06-09,15
1960-06-10,17
1960-06-11,18
1960-06-12,19
1960-06-13,16
1960-06-14,15
1960-06-15,15
1960-06-16,17
1960-06-17,19
1960-06-18,19
1960-06-19,20
1960-06-20,17
1960-06-21,16
1960-06-22,15
1960-06-23,17
1960-06-24,19
1960-06-25,19
1960-06-26,23
1960-06-27,22
1960-06-28,20
1960-06-29,19
1960-06-30,20
1960-07-01,23
1960-07-02,23
1960-07-03,24
1960-07-04,23
1960-07-05,21
1960-07-06,17
1960-07-07,19
1960-07-08,18
1960-07-09,23
1960-07-10,19
1960-07-11,19
1960-07-12,17
1960-07-13,18
1960-07-14,19
1960-07-15,18
1960-07-16,21
1960-07-17,20
1960-07-18,20
1960-07-19,18
1960-07-20,17
1960-07-21,18
1960-07-22,19
1960-07-23,21
1960-07-24,22
1960-07-25,19
1960-07-26,17
1960-07-27,20
1960-07-28,21
1960-07-29,23
1960-07-30,22
1960-07-31,23
1960-08-01,22
1960-08-02,19
1960-08-03,21
1960-08-04,20
1960-08-05,25
1960-08-06,21
1960-08-07,23
1960-08-08,21
1960-08-09,17
1960-08-10,18
1960-08-11,18
1960-08-12,21
1960-08-13,20
1960-08-14,20
1960-08-15,19
1960-08-16,17
1960-08-17,17
1960-08-18,16
1960-08-19,21
1960-08-20,19
1960-08-21,20
1960-08-22,18
1960-08-23,18
1960-08-24,15
1960-08-25,18
1960-08-26,19
1960-08-27,23
1960-08-28,22
1960-08-29,21
1960-08-30,18
1960-08-31,19
1960-09-01,19
1960-09-02,19
1960-09-03,20
1960-09-04,20
1960-09-05,19
1960-09-06,16
1960-09-07,15
1960-09-08,15
1960-09-09,16
1960-09-10,17
1960-09-11,19
1960-09-12,17
1960-09-13,15
1960-09-14,15
1960-09-15,16
1960-09-16,18
1960-09-17,18
1960-09-18,18
1960-09-19,16
1960-09-20,14
1960-09-21,14
1960-09-22,15
1960-09-23,16
1960-09-24,18
1960-09-25,18
1960-09-26,19
1960-09-27,16
1960-09-28,16
1960-09-29,16
1960-09-30,18
1960-10-01,17
1960-10-02,20
1960-10-03,17
1960-10-04,16
1960-10-05,16
1960-10-06,13
1960-10-07,15
1960-10-08,16
1960-10-09,17
1960-10-10,14
1960-10-11,14
1960-10-12,13
1960-10-13,13
1960-10-14,15
1960-10-15,15
1960-10-16,16
1960-10-17,14
1960-10-18,13
1960-10-19,12
1960-10-20,13
1960-10-21,16
1960-10-22,15
1960-10-23,15
1960-10-24,14
1960-10-25,12
1960-10-26,13
1960-10-27,13
1960-10-28,16
1960-10-29,16
1960-10-30,17
1960-10-31,15
1960-11-01,13
1960-11-02,11
1960-11-03,12
1960-11-04,14
1960-11-05,15
1960-11-06,12
1960-11-07,11
1960-11-08,11
1960-11-09,11
1960-11-10,11
1960-11-11,13
1960-11-12,12
1960-11-13,13
1960-11-14,14
1960-11-15,12
1960-11-16,11
1960-11-17,13
1960-11-18,12
1960-11-19,14
1960-11-20,15
1960-11-21,12
1960-11-22,12
1960-11-23,11
1960-11-24,11
1960-11-25,14
1960-11-26,16
1960-11-27,18
1960-11-28,16
1960-11-29,14
1960-11-30,16
1960-12-01,12
1960-12-02,12
1960-12-03,13
1960-12-04,14
1960-12-05,13
1960-12-06,9
1960-12-07,10
1960-12-08,10
1960-12-09,11
1960-12-10,13
1960-12-11,13
1960-12-12,12
1960-12-13,11
1960-12-14,11
1960-12-15,12
1960-12-16,13
1960-12-17,14
1960-12-18,15
1960-12-19,14
1960-12-20,13
1960-12-21,13
1960-12-22,13
1960-12-23,18
1960-12-24,17
1960-12-25,18
1960-12-26,16
1960-12-27,17
1960-12-28,17
1960-12-29,19
1960-12-30,19
1960-12-31,20
